Date,Location,Type,Latitude,Longitude
11/9/2023,Oxnard,hoop,34.240821085800000,-119.131110797999995
11/9/2023,Oxnard,hoop,34.241721578799996,-119.132067049000000
10/14/2019,Oxnard,hoop,34.189032584499998,-119.123641237000001
5/6/2023,Oxnard,hoop,34.149148859900002,-119.106545193000002
11/9/2023,Oxnard,hoop,34.200341863299997,-119.124230036000000
10/14/2019,Oxnard,hoop,34.189348148100002,-119.121984761999997
11/9/2023,Oxnard,hoop,34.241114811099997,-119.131351632000005
10/14/2019,Oxnard,hoop,34.189331826199997,-119.121209874000002
10/14/2019,Oxnard,hoop,34.189376110600001,-119.124073555999999
10/14/2019,Oxnard,hoop,34.188768796300003,-119.124049141000000
5/6/2023,Oxnard,hoop,34.151196782000000,-119.104755202000007
11/9/2023,Oxnard,hoop,34.239965108000000,-119.132743855000001
11/9/2023,Oxnard,hoop,34.230884674999999,-119.136591938999999
11/9/2023,Oxnard,hoop,34.230927399700001,-119.136943720999994
10/14/2019,Oxnard,hoop,34.188612488799997,-119.122311191999998
10/14/2019,Oxnard,hoop,34.188765702399998,-119.121814555000000
10/14/2019,Oxnard,hoop,34.188665770599997,-119.123124007000001
11/9/2023,Oxnard,hoop,34.231335601700003,-119.134718148999994
10/14/2019,Oxnard,hoop,34.189631559500000,-119.123383480000001
10/14/2019,Oxnard,hoop,34.188800135999998,-119.120383281000002
10/14/2019,Oxnard,hoop,34.189403440600003,-119.123544444000004
11/9/2023,Oxnard,hoop,34.200471321999999,-119.122846680999999
10/14/2019,Oxnard,hoop,34.188550430399999,-119.120804317999998
11/9/2023,Oxnard,hoop,34.230730297400001,-119.135997887000002
11/9/2023,Oxnard,hoop,34.232066580599998,-119.136343380000000
10/14/2019,Oxnard,hoop,34.188904794999999,-119.121175167999994
11/9/2023,Oxnard,hoop,34.231553581999997,-119.135507739999994
5/6/2023,Oxnard,hoop,34.152104563700000,-119.106697870000005
11/9/2023,Oxnard,hoop,34.200346186399997,-119.122339060000002
11/9/2023,Oxnard,hoop,34.241626902199997,-119.132327184000005
11/9/2023,Oxnard,hoop,34.231121902500000,-119.137200773000004
11/9/2023,Oxnard,hoop,34.231330639699998,-119.136710652999994
10/14/2019,Oxnard,hoop,34.188998759000000,-119.124232480000003
11/9/2023,Oxnard,hoop,34.230431388100001,-119.136055181000003
11/9/2023,Oxnard,hoop,34.200430396700000,-119.121453993000003
10/14/2019,Oxnard,hoop,34.189671657300003,-119.122385844999997
11/9/2023,Oxnard,hoop,34.241282904999998,-119.131744275000003
10/14/2019,Oxnard,hoop,34.188896775300002,-119.119788807000006
11/9/2023,Oxnard,hoop,34.242204539600003,-119.132649513000004
11/9/2023,Oxnard,hoop,34.231985455800000,-119.135737211000006
11/9/2023,Oxnard,hoop,34.232328846100003,-119.136689759000006
11/9/2023,Oxnard,hoop,34.198566357499999,-119.122488798000006
5/6/2023,Oxnard,hoop,34.149124032899998,-119.107429820999997
10/14/2019,Oxnard,hoop,34.189493601800002,-119.120569360999994
10/14/2019,Oxnard,hoop,34.188861084999999,-119.119472836000000
10/14/2019,Oxnard,hoop,34.188931555700002,-119.122551465000001
5/6/2023,Oxnard,hoop,34.149188488800000,-119.106985461999997
10/14/2019,Oxnard,hoop,34.189716838199999,-119.124090633999998
10/14/2019,Oxnard,hoop,34.188522124199999,-119.120194506000004
11/9/2023,Oxnard,hoop,34.198245390499999,-119.122328904000000
11/9/2023,Oxnard,hoop,34.240678157700003,-119.120167664999997
10/14/2019,Oxnard,hoop,34.189448061299998,-119.120847002999994
11/9/2023,Oxnard,hoop,34.198480187100003,-119.122172242000005
11/9/2023,Oxnard,hoop,34.200573313000000,-119.123535079999996
10/14/2019,Oxnard,hoop,34.189077427199997,-119.120513670999998
10/14/2019,Oxnard,hoop,34.188935260400001,-119.120779675999998
11/9/2023,Oxnard,hoop,34.232007188600001,-119.136027384000002
11/9/2023,Oxnard,hoop,34.231686299400003,-119.135760417000000
10/14/2019,Oxnard,hoop,34.188526764499997,-119.119569104999997
11/9/2023,Oxnard,hoop,34.231524808800003,-119.137053512999998
5/6/2023,Oxnard,hoop,34.152070088999999,-119.106083923000000
10/14/2019,Oxnard,hoop,34.189460203000003,-119.119975174999993
11/9/2023,Oxnard,hoop,34.198663435999997,-119.121904936999996
11/9/2023,Oxnard,hoop,34.241252314800001,-119.120957990999997
11/9/2023,Oxnard,hoop,34.230395558100000,-119.135465202000006
5/6/2023,Oxnard,hoop,34.149205712899999,-119.105857929999999
11/9/2023,Oxnard,hoop,34.242046848500003,-119.121776213999993
5/6/2023,Oxnard,hoop,34.152085904800003,-119.107966024999996
5/6/2023,Oxnard,hoop,34.151174524299996,-119.103906639000002
5/6/2023,Oxnard,hoop,34.151841122999997,-119.107626280000005
11/9/2023,Oxnard,hoop,34.231469120900002,-119.137348524999993
11/9/2023,Oxnard,hoop,34.241749024100002,-119.121707090000001
11/9/2023,Oxnard,hoop,34.198688518300003,-119.121526821000003
11/9/2023,Oxnard,hoop,34.239666915100003,-119.132598752999996
10/14/2019,Oxnard,hoop,34.189669929300003,-119.121354105999998
5/6/2023,Oxnard,hoop,34.151983071799997,-119.107317956000003
11/9/2023,Oxnard,hoop,34.230452790299999,-119.135748070000005
5/6/2023,Oxnard,hoop,34.151794190200000,-119.107078864000002
10/14/2019,Oxnard,hoop,34.189598896400000,-119.120295179999999
11/9/2023,Oxnard,hoop,34.241247732600002,-119.120608955999998
10/14/2019,Oxnard,hoop,34.189648372199997,-119.123689877999993
10/14/2019,Oxnard,hoop,34.189070969699998,-119.122111673999996
11/9/2023,Oxnard,hoop,34.240993246499997,-119.120513115999998
11/9/2023,Oxnard,hoop,34.230631652500001,-119.136315937000006
11/9/2023,Oxnard,hoop,34.198341178600003,-119.121521056000006
11/9/2023,Oxnard,hoop,34.231217296899999,-119.135222733999996
10/14/2019,Oxnard,hoop,34.189623089800001,-119.119539806000006
11/9/2023,Oxnard,hoop,34.200308692400000,-119.123746113999999
5/6/2023,Oxnard,hoop,34.149167581199997,-119.106174460999995
10/14/2019,Oxnard,hoop,34.188593499400000,-119.119848951999998
11/9/2023,Oxnard,hoop,34.240690695399998,-119.130817699000005
10/14/2019,Oxnard,hoop,34.189298592599997,-119.120303500000006
5/6/2023,Oxnard,hoop,34.151330636899999,-119.104449948999999
11/9/2023,Oxnard,hoop,34.200332327300003,-119.123337315000001
11/9/2023,Oxnard,hoop,34.200413225799998,-119.121847732000006
5/6/2023,Oxnard,hoop,34.151061601700000,-119.104498692999996
10/14/2019,Oxnard,hoop,34.189748211199998,-119.123044773999993
11/9/2023,Oxnard,hoop,34.200565034299999,-119.123890313000004
5/6/2023,Oxnard,hoop,34.151780819400003,-119.106148214000001
10/1/2022,Oxnard,mulch,34.193348930399999,-119.143463642000000
11/1/2022,Oxnard,blackmulch,34.185092146199999,-119.115793245999996
11/1/2022,Oxnard,blackmulch,34.185476805299999,-119.116191666000006
11/1/2022,Oxnard,mulch,34.195699394400002,-119.158465516999996
5/6/2023,Oxnard,mulch,34.173910102900003,-119.102220072999998
11/19/2018,Oxnard,mulch,34.194780268199999,-119.145931472000001
4/1/2019,Oxnard,blackmulch,34.159892593300000,-119.127187356999997
5/17/2019,Oxnard,mulch,34.174346059199998,-119.110614635999994
5/17/2019,Oxnard,mulch,34.171565971000000,-119.111198258000002
11/1/2022,Oxnard,blackmulch,34.184104561799998,-119.119833087000004
5/17/2019,Oxnard,mulch,34.163133585499999,-119.115673873000006
11/1/2022,Oxnard,blackmulch,34.175861862600001,-119.141129676999995
5/17/2019,Oxnard,mulch,34.174590418999998,-119.110251821999995
11/19/2018,Oxnard,mulch,34.194701176199999,-119.146750561999994
5/17/2019,Oxnard,mulch,34.171882200399999,-119.111032459000000
10/1/2022,Oxnard,mulch,34.192013289000002,-119.145117333000002
11/1/2022,Oxnard,blackmulch,34.175269985100002,-119.141214008999995
11/1/2022,Oxnard,blackmulch,34.175414891000003,-119.140552244000006
5/17/2019,Oxnard,mulch,34.170690508100002,-119.111123555999995
10/1/2022,Oxnard,mulch,34.193308466399998,-119.140329270999999
5/6/2023,Oxnard,mulch,34.173873615300003,-119.101923787999993
4/1/2019,Oxnard,blackmulch,34.159793536599999,-119.126823110000004
5/6/2023,Oxnard,mulch,34.173544928600002,-119.100377279000000
11/1/2022,Oxnard,blackmulch,34.185598673100003,-119.120742574999994
5/17/2019,Oxnard,mulch,34.171298392499999,-119.110917740999994
5/17/2019,Oxnard,mulch,34.174418338400002,-119.111743562000001
5/17/2019,Oxnard,mulch,34.163032412699998,-119.116863643000002
5/17/2019,Oxnard,mulch,34.164834692800000,-119.115909149000004
10/1/2022,Oxnard,mulch,34.193052102000003,-119.143431183999994
10/1/2022,Oxnard,mulch,34.193629601300003,-119.146773593000006
11/19/2018,Oxnard,mulch,34.194474535200001,-119.142990514000005
5/17/2019,Oxnard,mulch,34.163906655799998,-119.116537820999994
11/1/2022,Oxnard,blackmulch,34.185173975799998,-119.120901697999997
10/1/2022,Oxnard,mulch,34.193399160799999,-119.138485324000001
5/17/2019,Oxnard,mulch,34.165259790699999,-119.116853813000006
5/17/2019,Oxnard,mulch,34.173581891500000,-119.110668646999997
11/1/2022,Oxnard,blackmulch,34.184941812100000,-119.117419659000007
11/1/2022,Oxnard,mulch,34.195643322499997,-119.157952434999999
5/17/2019,Oxnard,mulch,34.170716341099997,-119.110633143000001
4/1/2019,Oxnard,blackmulch,34.160371342099999,-119.126910912000000
10/1/2022,Oxnard,mulch,34.191800292899998,-119.144701566999998
10/1/2022,Oxnard,mulch,34.193667077800001,-119.145741220000005
11/1/2022,Oxnard,blackmulch,34.184388371200001,-119.119117793000001
11/1/2022,Oxnard,mulch,34.195484346400001,-119.157192405000004
11/19/2018,Oxnard,mulch,34.194890922799999,-119.145539654999993
5/6/2023,Oxnard,mulch,34.173469304699999,-119.102005091999999
5/17/2019,Oxnard,mulch,34.170284961100002,-119.111058430000000
10/1/2022,Oxnard,mulch,34.192314704700003,-119.144750392999995
11/19/2018,Oxnard,mulch,34.194601014200003,-119.145511740000003
5/17/2019,Oxnard,mulch,34.172573732600000,-119.111551403999997
10/1/2022,Oxnard,mulch,34.193244801100001,-119.146374449999996
11/19/2018,Oxnard,mulch,34.194266813600002,-119.144376352999998
5/17/2019,Oxnard,mulch,34.174465114699998,-119.111443980000004
11/1/2022,Oxnard,blackmulch,34.184126753000001,-119.120441005999993
5/17/2019,Oxnard,mulch,34.172497275799998,-119.111959170000006
4/1/2019,Oxnard,blackmulch,34.161075273999998,-119.126894586000006
9/21/2022,Oxnard,mulch,34.192514784499998,-119.153930865000007
5/17/2019,Oxnard,mulch,34.172286499400002,-119.111297527000005
5/17/2019,Oxnard,mulch,34.171686731599998,-119.111793320000004
5/17/2019,Oxnard,mulch,34.170966957799997,-119.111232741999999
11/1/2022,Oxnard,blackmulch,34.183825921699999,-119.117043207999998
5/17/2019,Oxnard,mulch,34.164352967900001,-119.116945017999996
5/17/2019,Oxnard,mulch,34.162895612900002,-119.115968418999998
9/21/2022,Oxnard,mulch,34.192371672299998,-119.153568238000005
10/1/2022,Oxnard,mulch,34.193654641099997,-119.143175190999997
11/19/2018,Oxnard,mulch,34.194906936999999,-119.144466991000002
5/17/2019,Oxnard,mulch,34.163514884700000,-119.117374140999999
11/1/2022,Oxnard,blackmulch,34.185063350299998,-119.119614128999999
5/17/2019,Oxnard,mulch,34.170381750700002,-119.112011464999995
5/17/2019,Oxnard,mulch,34.169981170100002,-119.111977515000007
10/1/2022,Oxnard,mulch,34.193415823400002,-119.138902387000002
5/17/2019,Oxnard,mulch,34.173055314800003,-119.111765403999996
10/1/2022,Oxnard,mulch,34.193360181499997,-119.143189496999995
11/1/2022,Oxnard,blackmulch,34.175554952699997,-119.139706716000006
10/1/2022,Oxnard,mulch,34.191990128500002,-119.144424784999998
11/1/2022,Oxnard,blackmulch,34.185421470100003,-119.117398808999994
5/17/2019,Oxnard,mulch,34.171464291500001,-119.111563771999997
4/1/2019,Oxnard,blackmulch,34.160047528299998,-119.126548983999996
5/6/2023,Oxnard,mulch,34.173800550800003,-119.100659375000006
5/17/2019,Oxnard,mulch,34.163864736400001,-119.116104761000003
5/17/2019,Oxnard,mulch,34.171949416899999,-119.111855470999998
11/1/2022,Oxnard,mulch,34.195782671300002,-119.157381544000003
5/17/2019,Oxnard,mulch,34.171105396500003,-119.111983699999996
5/17/2019,Oxnard,mulch,34.164440790900002,-119.116560578000005
10/1/2022,Oxnard,mulch,34.192192402600000,-119.146953521000000
5/17/2019,Oxnard,mulch,34.164907785899999,-119.116596952999998
5/17/2019,Oxnard,mulch,34.170743304600002,-119.112008255000006
10/1/2022,Oxnard,mulch,34.193040022500000,-119.144264203000006
10/1/2022,Oxnard,mulch,34.192522938600000,-119.145587043999996
5/17/2019,Oxnard,mulch,34.172332487500000,-119.110280066000001
4/1/2019,Oxnard,blackmulch,34.160790777899997,-119.127368443999998
5/17/2019,Oxnard,mulch,34.172999386100003,-119.110232749999994
10/1/2022,Oxnard,mulch,34.193532675400000,-119.144854686000002
5/17/2019,Oxnard,mulch,34.173035569100001,-119.110578156000003
5/17/2019,Oxnard,mulch,34.171306366200000,-119.110538684000005
11/19/2018,Oxnard,mulch,34.194442646799999,-119.143847577000003
10/1/2022,Oxnard,mulch,34.192184757600003,-119.145548899999994
10/1/2022,Oxnard,mulch,34.192368661099998,-119.143530557999995
5/17/2019,Oxnard,mulch,34.174060855999997,-119.111298774000005
5/17/2019,Oxnard,mulch,34.162700798000003,-119.117207055999998
10/1/2022,Oxnard,mulch,34.191928202299998,-119.145936698000000
5/17/2019,Oxnard,mulch,34.172398001700003,-119.111038922999995
11/1/2022,Oxnard,blackmulch,34.184071151099999,-119.117638427000003
11/19/2018,Oxnard,mulch,34.194635607099997,-119.147220950999994
5/6/2023,Oxnard,mulch,34.173405852199998,-119.101204136999996
9/21/2022,Oxnard,mulch,34.192370946399997,-119.152424894999996
10/1/2022,Oxnard,mulch,34.193787717299998,-119.139962854999993
11/1/2022,Oxnard,blackmulch,34.175497872800001,-119.139975014000001
10/1/2022,Oxnard,mulch,34.192364388400001,-119.143809902000001
11/1/2022,Oxnard,blackmulch,34.184258348299998,-119.118721972000003
5/17/2019,Oxnard,mulch,34.175025882800000,-119.110399732000005
10/1/2022,Oxnard,mulch,34.193455521899999,-119.141409225999993
11/1/2022,Oxnard,blackmulch,34.185050296100002,-119.117117850000000
11/1/2022,Oxnard,blackmulch,34.175104830400002,-119.139875310999997
11/1/2022,Oxnard,blackmulch,34.184346618699998,-119.117058682999996
5/17/2019,Oxnard,mulch,34.170939616600002,-119.111516610999999
10/1/2022,Oxnard,mulch,34.193163329900003,-119.146649060000001
11/1/2022,Oxnard,blackmulch,34.185263565100001,-119.119077336000004
5/17/2019,Oxnard,mulch,34.172151391200003,-119.110484795999994
5/6/2023,Oxnard,mulch,34.173588219800003,-119.100906137999999
11/1/2022,Oxnard,blackmulch,34.184211419500002,-119.116722310000000
11/1/2022,Oxnard,blackmulch,34.185172098199999,-119.117769464999995
5/17/2019,Oxnard,mulch,34.173375136499999,-119.110307251999998
5/17/2019,Oxnard,mulch,34.163829061400001,-119.117406215000003
11/19/2018,Oxnard,mulch,34.194455791499998,-119.146888168999993
11/1/2022,Oxnard,blackmulch,34.175891762600003,-119.140658584999997
11/1/2022,Oxnard,mulch,34.195503540200001,-119.156521554999998
11/1/2022,Oxnard,blackmulch,34.185587570000003,-119.118746580999996
10/1/2022,Oxnard,mulch,34.193077854400002,-119.145219620999995
11/19/2018,Oxnard,mulch,34.194232844699997,-119.145562548000001
11/1/2022,Oxnard,blackmulch,34.184204438999998,-119.120710067000005
11/1/2022,Oxnard,blackmulch,34.185729252599998,-119.117289127000006
10/1/2022,Oxnard,mulch,34.193428384699999,-119.143821388999996
11/19/2018,Oxnard,mulch,34.194323308500003,-119.144969005999997
9/21/2022,Oxnard,mulch,34.192530007899997,-119.152781271999999
9/21/2022,Oxnard,mulch,34.192200387500002,-119.152004986999998
10/1/2022,Oxnard,mulch,34.193606514800003,-119.139194626000005
9/21/2022,Oxnard,mulch,34.192393741300002,-119.153085318999999
10/1/2022,Oxnard,mulch,34.193766665799998,-119.141546556999998
10/1/2022,Oxnard,mulch,34.193703518299998,-119.144548940000007
10/1/2022,Oxnard,mulch,34.193769524399997,-119.138537192000001
11/19/2018,Oxnard,mulch,34.194669941999997,-119.143410888000005
10/1/2022,Oxnard,mulch,34.193420907399997,-119.139574006000004
11/19/2018,Oxnard,mulch,34.194525808900003,-119.144605064999993
11/1/2022,Oxnard,blackmulch,34.183900136299997,-119.119061926000001
11/1/2022,Oxnard,blackmulch,34.185403320500001,-119.120111567999999
11/1/2022,Oxnard,blackmulch,34.185137445800002,-119.120018106000003
5/17/2019,Oxnard,mulch,34.169777081299998,-119.111698430999994
11/19/2018,Oxnard,mulch,34.194935114800003,-119.143928482999996
11/1/2022,Oxnard,blackmulch,34.185165258900000,-119.120480252999997
5/17/2019,Oxnard,mulch,34.164036870799997,-119.115663167999998
11/19/2018,Oxnard,mulch,34.194789452000002,-119.142889749999995
11/1/2022,Oxnard,blackmulch,34.185275408300001,-119.118771515000006
5/17/2019,Oxnard,mulch,34.162649283599997,-119.116202224999995
10/1/2022,Oxnard,mulch,34.192497130500001,-119.144984253999993
5/17/2019,Oxnard,mulch,34.173447767600003,-119.111753139000001
10/1/2022,Oxnard,mulch,34.192179396699999,-119.146422794000003
5/17/2019,Oxnard,mulch,34.162688295400002,-119.116827697000005
5/17/2019,Oxnard,mulch,34.169752647099997,-119.110573926000001
5/17/2019,Oxnard,mulch,34.175076155200003,-119.110857843999995
5/17/2019,Oxnard,mulch,34.163078997400000,-119.116219314000006
11/1/2022,Oxnard,blackmulch,34.183913891800003,-119.117321803999999
10/1/2022,Oxnard,mulch,34.191816757700003,-119.143793266000003
11/1/2022,Oxnard,blackmulch,34.185469072899998,-119.116728996999996
11/19/2018,Oxnard,mulch,34.194687267200003,-119.144934899999996
5/17/2019,Oxnard,mulch,34.164103926400003,-119.116787876000004
11/1/2022,Oxnard,blackmulch,34.184021010999999,-119.121067932000003
5/17/2019,Oxnard,mulch,34.164641248199999,-119.115678682999999
11/1/2022,Oxnard,blackmulch,34.183834269700000,-119.118676269000005
11/1/2022,Oxnard,blackmulch,34.184511106599999,-119.116812741999993
11/19/2018,Oxnard,mulch,34.194525816199999,-119.146471469000005
5/17/2019,Oxnard,mulch,34.171877297599998,-119.111527648999996
10/1/2022,Oxnard,mulch,34.193554736199999,-119.144093826000002
5/17/2019,Oxnard,mulch,34.172154574600000,-119.111591754000003
5/17/2019,Oxnard,mulch,34.165220592200001,-119.116160808000004
5/6/2023,Oxnard,mulch,34.173833403700002,-119.100337514000003
5/17/2019,Oxnard,mulch,34.174218753600002,-119.110200926999994
4/1/2019,Oxnard,blackmulch,34.160323568899997,-119.126592977000001
10/1/2022,Oxnard,mulch,34.192505933000000,-119.146953382999996
10/1/2022,Oxnard,mulch,34.192430254500003,-119.144330676999999
11/19/2018,Oxnard,mulch,34.194958251999999,-119.145002327000000
11/1/2022,Oxnard,blackmulch,34.185665479599997,-119.115577583999993
5/17/2019,Oxnard,mulch,34.174511330599998,-119.110957020000001
5/6/2023,Oxnard,mulch,34.173879683000003,-119.100921181999993
5/17/2019,Oxnard,mulch,34.163053238700002,-119.116498555999996
11/1/2022,Oxnard,blackmulch,34.184945187700002,-119.116733009000001
11/1/2022,Oxnard,blackmulch,34.184509935800001,-119.116432032999995
10/1/2022,Oxnard,mulch,34.193697068900001,-119.140541447000004
10/1/2022,Oxnard,mulch,34.193141514499999,-119.144526526000007
4/1/2019,Oxnard,blackmulch,34.160104301799997,-119.127611766000001
5/17/2019,Oxnard,mulch,34.163303038499997,-119.116688545000002
5/17/2019,Oxnard,mulch,34.172540524900000,-119.110736216999996
11/1/2022,Oxnard,blackmulch,34.185409002699998,-119.115767778999995
5/17/2019,Oxnard,mulch,34.170284975999998,-119.110244772000001
5/17/2019,Oxnard,mulch,34.173881586199997,-119.110749053000006
5/17/2019,Oxnard,mulch,34.163801249099997,-119.117061531000004
10/1/2022,Oxnard,mulch,34.193516994100001,-119.139919040999999
5/17/2019,Oxnard,mulch,34.173327760500001,-119.110573626999994
11/1/2022,Oxnard,blackmulch,34.175114135599998,-119.139477497000001
5/17/2019,Oxnard,mulch,34.170446887700002,-119.110824956000002
5/6/2023,Oxnard,mulch,34.173517965999999,-119.101487067999997
4/1/2019,Oxnard,blackmulch,34.160938217300000,-119.126568280000001
5/6/2023,Oxnard,mulch,34.173955957300002,-119.101445839999997
5/17/2019,Oxnard,mulch,34.171267353300003,-119.110208216999993
10/1/2022,Oxnard,blackmulch,34.184344168199999,-119.150365477999998
11/1/2022,Oxnard,blackmulch,34.184371804700000,-119.119623359000002
11/1/2022,Oxnard,blackmulch,34.184999125300003,-119.116280720000006
5/17/2019,Oxnard,mulch,34.169801104500003,-119.110140555000001
11/1/2022,Oxnard,mulch,34.195538053299998,-119.158705178000005
10/1/2022,Oxnard,mulch,34.193396401000001,-119.145984808999998
10/1/2022,Oxnard,mulch,34.193030365299997,-119.143902247000000
10/1/2022,Oxnard,mulch,34.193623283800001,-119.140272500999998
5/17/2019,Oxnard,mulch,34.175047455799998,-119.111444771999999
11/19/2018,Oxnard,mulch,34.194984248700003,-119.147238865000006
11/19/2018,Oxnard,mulch,34.194500216800002,-119.146085063000001
11/1/2022,Oxnard,blackmulch,34.185216432099999,-119.116847739999997
11/1/2022,Oxnard,blackmulch,34.175667217499999,-119.139319072999996
5/17/2019,Oxnard,mulch,34.172872446800000,-119.111506535000004
11/1/2022,Oxnard,blackmulch,34.184191213200002,-119.119345515999996
11/1/2022,Oxnard,blackmulch,34.184235828799999,-119.120126069999998
10/1/2022,Oxnard,mulch,34.191908044700000,-119.142957593000006
5/17/2019,Oxnard,mulch,34.163269297600003,-119.117226246000001
5/17/2019,Oxnard,mulch,34.164884579899997,-119.116225792999998
5/17/2019,Oxnard,mulch,34.165200145000000,-119.115612713000004
5/17/2019,Oxnard,mulch,34.173515504100003,-119.111006071999995
11/19/2018,Oxnard,mulch,34.194244554900003,-119.143182565999993
10/1/2022,Oxnard,mulch,34.193587707299997,-119.145322626999999
11/1/2022,Oxnard,blackmulch,34.175595089500000,-119.141407775999994
11/1/2022,Oxnard,blackmulch,34.175124489300003,-119.140815005999997
11/1/2022,Oxnard,blackmulch,34.183787776400003,-119.117757123999993
11/1/2022,Oxnard,blackmulch,34.184424984899998,-119.117721848000002
5/17/2019,Oxnard,mulch,34.163838300000002,-119.115451135000001
5/17/2019,Oxnard,mulch,34.173073932800001,-119.110993081000004
10/1/2022,Oxnard,mulch,34.192294546399999,-119.145901584000001
5/17/2019,Oxnard,mulch,34.164110511700002,-119.116283585000005
11/1/2022,Oxnard,blackmulch,34.185437949099999,-119.119606172000005
10/1/2022,Oxnard,mulch,34.193057324100003,-119.144895016000007
5/17/2019,Oxnard,mulch,34.164798408499998,-119.117169833000005
5/17/2019,Oxnard,mulch,34.170033487600001,-119.110562426000001
9/21/2022,Oxnard,mulch,34.192131494999998,-119.152957733999997
5/17/2019,Oxnard,mulch,34.171383629799998,-119.111927957999995
5/6/2023,Oxnard,mulch,34.173442900900000,-119.102492298000001
10/1/2022,Oxnard,mulch,34.193300513499999,-119.141645538000006
10/1/2022,Oxnard,mulch,34.193076552299999,-119.145508806999999
11/19/2018,Oxnard,mulch,34.194939286199997,-119.143360525999995
9/21/2022,Oxnard,mulch,34.192251396899998,-119.153867083999998
10/1/2022,Oxnard,mulch,34.192249383499998,-119.145281046999997
5/17/2019,Oxnard,mulch,34.173174053300002,-119.111272571000001
10/1/2022,Oxnard,mulch,34.193088629700000,-119.143157970000004
11/1/2022,Oxnard,blackmulch,34.185081307799997,-119.119305396000001
11/1/2022,Oxnard,blackmulch,34.175495802100002,-119.140843337000007
4/1/2019,Oxnard,blackmulch,34.159665059900000,-119.127493486999995
5/6/2023,Oxnard,mulch,34.173761822000003,-119.102503038999998
5/17/2019,Oxnard,mulch,34.172573384099998,-119.110451588000004
11/1/2022,Oxnard,blackmulch,34.185547193900000,-119.117659375000002
5/17/2019,Oxnard,mulch,34.163621399699998,-119.116784719999998
10/1/2022,Oxnard,mulch,34.193690448500000,-119.143563598000000
11/1/2022,Oxnard,blackmulch,34.175924402900002,-119.140219053999999
11/19/2018,Oxnard,mulch,34.194611793200004,-119.144197429000002
11/1/2022,Oxnard,blackmulch,34.175668996299997,-119.140384099000002
5/17/2019,Oxnard,mulch,34.164649397900000,-119.116845273999999
10/1/2022,Oxnard,mulch,34.191833932900003,-119.145389883999997
10/1/2022,Oxnard,mulch,34.191928624500001,-119.146550581000000
5/17/2019,Oxnard,mulch,34.162645945900003,-119.115838937999996
10/1/2022,Oxnard,mulch,34.193333937200002,-119.146945540000004
10/1/2022,Oxnard,mulch,34.193370210799998,-119.145557507999996
4/1/2019,Oxnard,blackmulch,34.160408263699999,-119.127373379999995
5/17/2019,Oxnard,mulch,34.163536333200000,-119.116115351000005
5/17/2019,Oxnard,mulch,34.174945181299996,-119.111990587999998
11/1/2022,Oxnard,blackmulch,34.184343182299997,-119.117344052999997
11/19/2018,Oxnard,mulch,34.194936368900002,-119.146516487000000
4/1/2019,Oxnard,blackmulch,34.159580827399999,-119.126992376999993
5/17/2019,Oxnard,mulch,34.170596179100002,-119.111686574999993
4/1/2019,Oxnard,blackmulch,34.160957808699997,-119.127591766999998
11/1/2022,Oxnard,mulch,34.195817031899999,-119.156982647000007
10/1/2022,Oxnard,mulch,34.193715695800002,-119.145077040999993
11/1/2022,Oxnard,blackmulch,34.183896466999997,-119.119633316000005
5/17/2019,Oxnard,mulch,34.163664108500001,-119.115801630999997
11/1/2022,Oxnard,blackmulch,34.185716892999999,-119.116928927000004
11/1/2022,Oxnard,blackmulch,34.183836110999998,-119.120525678000007
10/1/2022,Oxnard,blackmulch,34.183991123100000,-119.150462864000005
10/1/2022,Oxnard,mulch,34.193363877499998,-119.140917708000003
10/1/2022,Oxnard,mulch,34.192441363500002,-119.146674121999993
5/17/2019,Oxnard,mulch,34.172625675299997,-119.110160797000006
11/19/2018,Oxnard,mulch,34.194759491500001,-119.145252552000002
10/1/2022,Oxnard,mulch,34.191871793399997,-119.143462345000003
5/17/2019,Oxnard,mulch,34.170355561100003,-119.111483070000006
11/1/2022,Oxnard,blackmulch,34.175187546399997,-119.140391647000001
11/1/2022,Oxnard,blackmulch,34.185522890700000,-119.120428793000002
10/1/2022,Oxnard,mulch,34.192140431200002,-119.146150767999998
5/6/2023,Oxnard,mulch,34.173404345700000,-119.100702898999998
11/19/2018,Oxnard,mulch,34.194255482199999,-119.144048871999999
10/1/2022,Oxnard,mulch,34.192452499900000,-119.146237333000002
10/1/2022,Oxnard,mulch,34.192389421000001,-119.143116117000005
10/1/2022,Oxnard,mulch,34.193669112099997,-119.138254688000004
10/1/2022,Oxnard,mulch,34.193735704200002,-119.146358978999999
5/17/2019,Oxnard,mulch,34.170093312799999,-119.111622151999995
10/1/2022,Oxnard,mulch,34.193334769600000,-119.139271238000006
5/17/2019,Oxnard,mulch,34.170638667600002,-119.110216335999993
10/1/2022,Oxnard,mulch,34.191887291400000,-119.146898514000000
4/1/2019,Oxnard,blackmulch,34.160094816399997,-119.126828433000000
11/19/2018,Oxnard,mulch,34.194979600499998,-119.146927996000002
11/19/2018,Oxnard,mulch,34.194420661000002,-119.145807782999995
11/9/2023,Oxnard,other,34.127844527699999,-119.159921921000006
5/6/2023,Oxnard,other,34.253780613799997,-119.092870714000000
6/13/2022,Oxnard,other,34.186951717100001,-119.152987244000002
5/6/2023,Oxnard,other,34.202761189699999,-119.057712511999995
6/13/2022,Oxnard,other,34.181610963700003,-119.131953960999994
7/13/2021,Oxnard,other,34.141965930100000,-119.150451869999998
5/6/2023,Oxnard,other,34.255607001700000,-119.089266824999996
5/6/2023,Oxnard,other,34.255568986000000,-119.087412600999997
10/17/2023,Oxnard,other,34.202029918900003,-119.065758192999994
5/6/2023,Oxnard,other,34.257778442800003,-119.091184565000006
6/13/2022,Oxnard,other,34.187880950199997,-119.152633090999998
2/15/2020,Oxnard,other,34.229577285600001,-119.247529873999994
2/15/2020,Oxnard,other,34.228906197800001,-119.247112360000003
5/6/2023,Oxnard,other,34.258157826400002,-119.091943893999996
5/6/2023,Oxnard,other,34.150469216300003,-119.083627552999999
5/6/2023,Oxnard,other,34.256473446999998,-119.088660664000002
7/13/2021,Oxnard,other,34.140948155600000,-119.151269780999996
6/13/2022,Oxnard,other,34.182917358399997,-119.152915070000006
5/6/2023,Oxnard,other,34.254211081800001,-119.091945250999999
7/13/2021,Oxnard,other,34.141535658800002,-119.150161951000001
5/6/2023,Oxnard,other,34.256752638499997,-119.090530634000004
5/6/2023,Oxnard,other,34.151053322000003,-119.083298432999996
11/9/2023,Oxnard,other,34.130702320200001,-119.159039882000002
11/9/2023,Oxnard,other,34.129638717500001,-119.158491108000007
11/9/2023,Oxnard,other,34.134888396800001,-119.157247103000003
6/13/2022,Oxnard,other,34.181646131199997,-119.132527401999994
11/9/2023,Oxnard,other,34.129962800400001,-119.159081282000002
5/6/2023,Oxnard,other,34.256617361200000,-119.087865162000000
6/13/2022,Oxnard,other,34.180960815500001,-119.131253978999993
5/11/2023,Oxnard,other,34.283796361199997,-119.069981697000003
11/9/2023,Oxnard,other,34.134115913499997,-119.155591311999999
11/9/2023,Oxnard,other,34.130938278099997,-119.157702533000005
5/6/2023,Oxnard,other,34.253637012900001,-119.089301579999997
5/6/2023,Oxnard,other,34.148939462000001,-119.084096215000002
10/17/2023,Oxnard,other,34.201663382800000,-119.064357146000006
5/6/2023,Oxnard,other,34.174912281200001,-119.079326285999997
5/6/2023,Oxnard,other,34.259342043499998,-119.085351947000007
11/9/2023,Oxnard,other,34.129198838299999,-119.160370060999995
5/11/2023,Oxnard,other,34.283838834699999,-119.069097102000001
5/6/2023,Oxnard,other,34.255213793099998,-119.091011160999997
5/6/2023,Oxnard,other,34.151573970400001,-119.083373729000002
11/9/2023,Oxnard,other,34.134644414900002,-119.155445843999999
5/6/2023,Oxnard,other,34.173119614599997,-119.079090815000001
6/13/2022,Oxnard,other,34.185137389900000,-119.151887904000006
7/13/2021,Oxnard,other,34.141059377799998,-119.150701213000005
10/17/2023,Oxnard,other,34.204836233300000,-119.065439893000004
5/6/2023,Oxnard,other,34.254486323000002,-119.090254856000001
10/17/2023,Oxnard,other,34.205984336500002,-119.046400039000005
5/6/2023,Oxnard,other,34.255531540299998,-119.091210294000007
2/15/2020,Oxnard,other,34.229859309100000,-119.247703787999995
5/6/2023,Oxnard,other,34.258090427200003,-119.093331602000006
5/6/2023,Oxnard,other,34.202111819199999,-119.060620305000000
11/9/2023,Oxnard,other,34.133397708099999,-119.155336688999995
11/9/2023,Oxnard,other,34.135608388999998,-119.156126794000002
6/13/2022,Oxnard,other,34.184126957200000,-119.152593413999995
11/9/2023,Oxnard,other,34.135096355599998,-119.156648744999998
7/13/2021,Oxnard,other,34.142804532600003,-119.151966767999994
7/13/2021,Oxnard,other,34.141758936499997,-119.148168764999994
5/6/2023,Oxnard,other,34.256773828400000,-119.093086772999996
6/13/2022,Oxnard,other,34.186659052000003,-119.152650537000000
5/6/2023,Oxnard,other,34.253469473599999,-119.087392929000004
8/19/2019,Oxnard,other,34.275027678900003,-119.058497771000006
2/15/2020,Oxnard,other,34.229870685199998,-119.248734584999994
5/6/2023,Oxnard,other,34.257712172700003,-119.087464918999999
10/17/2023,Oxnard,other,34.199695737500001,-119.046726848000006
5/6/2023,Oxnard,other,34.253746145299999,-119.088508430000005
5/6/2023,Oxnard,other,34.253582684199998,-119.087749841999994
5/6/2023,Oxnard,other,34.256434345000002,-119.091395095999999
5/7/2023,Oxnard,other,34.225598074399997,-119.242191714000001
11/9/2023,Oxnard,other,34.129261884100003,-119.159492619999995
10/17/2023,Oxnard,other,34.207042029699998,-119.047964088000001
5/6/2023,Oxnard,other,34.255162832000003,-119.091852223999993
10/17/2023,Oxnard,other,34.207100511500002,-119.046386194999997
5/6/2023,Oxnard,other,34.253361464299999,-119.090417962999993
11/9/2023,Oxnard,other,34.133416220800001,-119.154800460999994
10/17/2023,Oxnard,other,34.206070691400001,-119.047368853999998
10/17/2023,Oxnard,other,34.201539485900000,-119.065209847999995
6/13/2022,Oxnard,other,34.186789532900001,-119.153308347000007
6/13/2022,Oxnard,other,34.185175248400000,-119.152231115000006
5/7/2023,Oxnard,other,34.225730006799999,-119.243016175999998
5/6/2023,Oxnard,other,34.174210327700003,-119.129474923999993
7/13/2021,Oxnard,other,34.142929017800000,-119.147808631999993
5/6/2023,Oxnard,other,34.174767309300002,-119.131443861999998
6/13/2022,Oxnard,other,34.186675967299998,-119.151859329000004
10/17/2023,Oxnard,other,34.199767556200001,-119.047521669999995
7/13/2021,Oxnard,other,34.141778482900001,-119.151325763000003
10/17/2023,Oxnard,other,34.199193039400001,-119.045460129999995
5/6/2023,Oxnard,other,34.256109390299997,-119.089854106999994
5/6/2023,Oxnard,other,34.174155482800003,-119.131815727000003
7/13/2021,Oxnard,other,34.142897396000002,-119.150140262999997
5/6/2023,Oxnard,other,34.174804168000001,-119.080024081999994
5/7/2023,Oxnard,other,34.225593939500001,-119.241675588999996
10/17/2023,Oxnard,other,34.205085044100002,-119.064906037000000
5/6/2023,Oxnard,other,34.148956284800001,-119.085991703000005
5/6/2023,Oxnard,other,34.149530636199998,-119.084492355999998
6/13/2022,Oxnard,other,34.187062312400002,-119.152256144999996
5/6/2023,Oxnard,other,34.255150548300001,-119.088808917999998
5/6/2023,Oxnard,other,34.201534411200001,-119.059428542999996
6/13/2022,Oxnard,other,34.187712447499997,-119.152248779999994
11/9/2023,Oxnard,other,34.130233903700002,-119.157765350999995
7/13/2021,Oxnard,other,34.141533010800003,-119.152188389000003
5/6/2023,Oxnard,other,34.260090650999999,-119.084187388000004
5/6/2023,Oxnard,other,34.257277008499997,-119.092565391999997
5/6/2023,Oxnard,other,34.256800186100001,-119.088897481000004
5/6/2023,Oxnard,other,34.255181885200003,-119.088407285000002
11/9/2023,Oxnard,other,34.128023905399999,-119.158759795999998
6/13/2022,Oxnard,other,34.187976334100000,-119.151874632000002
5/6/2023,Oxnard,other,34.202616122700000,-119.060575017000005
5/6/2023,Oxnard,other,34.174908463900003,-119.130010257999999
5/6/2023,Oxnard,other,34.174562600800002,-119.132847659999996
5/6/2023,Oxnard,other,34.253994238899999,-119.089105291999999
11/9/2023,Oxnard,other,34.133723308199997,-119.154561545000007
8/19/2019,Oxnard,other,34.274955460900003,-119.058886814000005
6/13/2022,Oxnard,other,34.181353140699997,-119.132647672999994
5/6/2023,Oxnard,other,34.259144291299997,-119.085108216999998
5/6/2023,Oxnard,other,34.259719964799999,-119.084494179999993
5/6/2023,Oxnard,other,34.256877386699998,-119.087548089999999
5/6/2023,Oxnard,other,34.258009383900003,-119.087371228999999
7/13/2021,Oxnard,other,34.142636039499997,-119.151541324999997
5/6/2023,Oxnard,other,34.257154831299999,-119.093082115000001
5/6/2023,Oxnard,other,34.253336797899998,-119.090910983000001
11/9/2023,Oxnard,other,34.131140797999997,-119.159558610000005
5/6/2023,Oxnard,other,34.174909144799997,-119.131880181000000
11/9/2023,Oxnard,other,34.134134438300002,-119.156605631000005
6/13/2022,Oxnard,other,34.188585238500004,-119.151871736000004
5/6/2023,Oxnard,other,34.253513990700000,-119.093279941999995
10/17/2023,Oxnard,other,34.200421866299997,-119.045979459999998
5/6/2023,Oxnard,other,34.151412876800002,-119.083987086999997
6/13/2022,Oxnard,other,34.181408498200000,-119.129248140000001
11/9/2023,Oxnard,other,34.134840846800003,-119.154901968999994
11/9/2023,Oxnard,other,34.131011348900003,-119.160148346000000
5/6/2023,Oxnard,other,34.256201122000000,-119.090302351999995
2/15/2020,Oxnard,other,34.229241170500003,-119.248111448000003
5/6/2023,Oxnard,other,34.202575344600000,-119.059681885000003
5/6/2023,Oxnard,other,34.255078500300002,-119.089482250000003
6/13/2022,Oxnard,other,34.187649929499997,-119.153386734999998
11/9/2023,Oxnard,other,34.128408716999999,-119.158274327000001
8/19/2019,Oxnard,other,34.275358597100002,-119.058365128000005
5/6/2023,Oxnard,other,34.174369655000000,-119.132285722999995
5/6/2023,Oxnard,other,34.201542692899999,-119.060474522000007
5/6/2023,Oxnard,other,34.258088452599999,-119.088586950999996
5/6/2023,Oxnard,other,34.150361858499998,-119.085117113999999
7/13/2021,Oxnard,other,34.142831272800002,-119.150801603999994
5/6/2023,Oxnard,other,34.257881160099998,-119.089013245999993
10/17/2023,Oxnard,other,34.200253359100003,-119.047415321000003
5/6/2023,Oxnard,other,34.174420613599999,-119.079850558999993
5/6/2023,Oxnard,other,34.174838135800002,-119.080307727999994
10/17/2023,Oxnard,other,34.204185481800003,-119.064654990999998
5/6/2023,Oxnard,other,34.149801407699997,-119.082782809999998
11/9/2023,Oxnard,other,34.134379453199998,-119.156883543000006
5/6/2023,Oxnard,other,34.254420714500000,-119.087611088000003
5/7/2023,Oxnard,other,34.224998795799998,-119.243133817000000
5/6/2023,Oxnard,other,34.256653888099997,-119.088309111000001
11/9/2023,Oxnard,other,34.130285902700003,-119.159003721999994
5/6/2023,Oxnard,other,34.257196929800003,-119.092110386000002
10/17/2023,Oxnard,other,34.200036135799998,-119.045749314000005
5/6/2023,Oxnard,other,34.173905943699999,-119.079324443000004
6/13/2022,Oxnard,other,34.181592844599997,-119.129871933000004
2/15/2020,Oxnard,other,34.228827114700003,-119.249235720000001
5/6/2023,Oxnard,other,34.254086110099998,-119.090039709999999
5/6/2023,Oxnard,other,34.174215791300000,-119.130764123999995
5/6/2023,Oxnard,other,34.255234312799999,-119.087357996999998
5/6/2023,Oxnard,other,34.256137741499998,-119.092640196999994
5/6/2023,Oxnard,other,34.149906466899999,-119.083101765999999
11/9/2023,Oxnard,other,34.128397981500001,-119.159940566000003
6/13/2022,Oxnard,other,34.180914487199999,-119.128660611000001
5/6/2023,Oxnard,other,34.174099229799999,-119.080283503999993
5/6/2023,Oxnard,other,34.254387108800003,-119.091559864999994
5/6/2023,Oxnard,other,34.150577816000002,-119.083135494000004
10/17/2023,Oxnard,other,34.203804031899999,-119.065982774999995
5/6/2023,Oxnard,other,34.253890625899999,-119.091580581000002
6/13/2022,Oxnard,other,34.181855443800004,-119.130197428000002
8/19/2019,Oxnard,other,34.275277989899998,-119.058644419999993
5/6/2023,Oxnard,other,34.151456709100003,-119.086010833000003
10/17/2023,Oxnard,other,34.202896741000004,-119.065345859999994
2/15/2020,Oxnard,other,34.228819343200001,-119.250630068999996
10/17/2023,Oxnard,other,34.204591104499997,-119.065585490000004
5/6/2023,Oxnard,other,34.149213087500002,-119.084202164000004
11/9/2023,Oxnard,other,34.127910340000000,-119.158155953999994
5/6/2023,Oxnard,other,34.148948564999998,-119.085646562999997
10/17/2023,Oxnard,other,34.206506419299998,-119.046446496000002
5/6/2023,Oxnard,other,34.149958859199998,-119.084077949000005
7/13/2021,Oxnard,other,34.142257224399998,-119.150417809000004
5/6/2023,Oxnard,other,34.150434858200001,-119.082481146000006
5/6/2023,Oxnard,other,34.253495552600000,-119.088889316000007
10/17/2023,Oxnard,other,34.207519693800002,-119.046871362000005
5/6/2023,Oxnard,other,34.149898194300000,-119.085490284000002
11/9/2023,Oxnard,other,34.133328172500001,-119.155708352999994
5/6/2023,Oxnard,other,34.255535802799997,-119.090702452000002
7/13/2021,Oxnard,other,34.140961090200001,-119.149489716999994
11/9/2023,Oxnard,other,34.134418488000001,-119.155287013000006
5/6/2023,Oxnard,other,34.259237428799999,-119.084831192999999
5/6/2023,Oxnard,other,34.174290183200000,-119.078746945999995
6/13/2022,Oxnard,other,34.185211588500003,-119.153092951000005
5/6/2023,Oxnard,other,34.173314744300001,-119.078580192000004
5/6/2023,Oxnard,other,34.149084819800002,-119.083478298000003
7/13/2021,Oxnard,other,34.141183115700002,-119.151669365000004
5/6/2023,Oxnard,other,34.150863687600001,-119.085285972999998
5/6/2023,Oxnard,other,34.255500169100003,-119.092866631999996
6/13/2022,Oxnard,other,34.181446052900000,-119.131177281000006
5/6/2023,Oxnard,other,34.253898784800000,-119.090741524999999
6/13/2022,Oxnard,other,34.181851254800002,-119.129057412999998
11/9/2023,Oxnard,other,34.129933469100003,-119.158267898000005
6/13/2022,Oxnard,other,34.181228473200001,-119.129866586000006
10/17/2023,Oxnard,other,34.202606597200003,-119.064856965999994
11/9/2023,Oxnard,other,34.130170141800001,-119.159408853000002
11/9/2023,Oxnard,other,34.135420480999997,-119.154998526000000
5/6/2023,Oxnard,other,34.151095705000003,-119.084321662999997
6/13/2022,Oxnard,other,34.181326083099997,-119.131534000000002
5/6/2023,Oxnard,other,34.151467682099998,-119.084899899999996
5/6/2023,Oxnard,other,34.253747886600003,-119.092364395000004
5/6/2023,Oxnard,other,34.172833264700003,-119.080296914000002
5/6/2023,Oxnard,other,34.174361712299998,-119.129055558000005
2/15/2020,Oxnard,other,34.229391921999998,-119.246573802000000
6/13/2022,Oxnard,other,34.185031592599998,-119.152863887999999
7/13/2021,Oxnard,other,34.141730505100000,-119.147861820000003
8/19/2019,Oxnard,other,34.275702229600000,-119.057997817000000
10/17/2023,Oxnard,other,34.201797730999999,-119.064846058000001
5/6/2023,Oxnard,other,34.256600249100003,-119.092599554000003
6/13/2022,Oxnard,other,34.180757876999998,-119.131931371999997
5/6/2023,Oxnard,other,34.174634549799997,-119.130376052000003
7/13/2021,Oxnard,other,34.141676124299998,-119.148744450999999
10/17/2023,Oxnard,other,34.202601786499997,-119.066227998000002
5/6/2023,Oxnard,other,34.254063324199997,-119.089690028000007
5/6/2023,Oxnard,other,34.253311476100002,-119.087688297000000
11/9/2023,Oxnard,other,34.133351909500000,-119.156378481000004
8/19/2019,Oxnard,other,34.275592009999997,-119.058982080999996
6/13/2022,Oxnard,other,34.185452941500003,-119.152292924999998
5/6/2023,Oxnard,other,34.150508071300003,-119.085687957999994
5/11/2023,Oxnard,other,34.283391288600001,-119.069288048000004
5/6/2023,Oxnard,other,34.254011824499997,-119.091066944000005
5/6/2023,Oxnard,other,34.256209460100003,-119.091127592000007
5/6/2023,Oxnard,other,34.174630596999997,-119.130881599999995
5/7/2023,Oxnard,other,34.225579552600003,-119.241254295999994
5/6/2023,Oxnard,other,34.260617652599997,-119.085115760999997
6/13/2022,Oxnard,other,34.184985977300002,-119.152472438000004
11/9/2023,Oxnard,other,34.130361606100003,-119.160314210999999
5/6/2023,Oxnard,other,34.258139499999999,-119.089815587999993
7/13/2021,Oxnard,other,34.141433018400001,-119.151848813000001
7/13/2021,Oxnard,other,34.142609516000000,-119.148758072999996
5/6/2023,Oxnard,other,34.257468744100002,-119.091870857000004
8/19/2019,Oxnard,other,34.275739379299999,-119.058473288000002
5/6/2023,Oxnard,other,34.256471373600000,-119.090218422999996
5/6/2023,Oxnard,other,34.258965059600001,-119.085535418999996
6/13/2022,Oxnard,other,34.180750057399997,-119.130784934000005
5/6/2023,Oxnard,other,34.174845104799999,-119.078736148000004
6/13/2022,Oxnard,other,34.181426131099997,-119.132281907999996
5/6/2023,Oxnard,other,34.257164164099997,-119.091482479999996
11/9/2023,Oxnard,other,34.135245445999999,-119.154477388000004
5/7/2023,Oxnard,other,34.225274893500000,-119.241259041000006
7/13/2021,Oxnard,other,34.142409320299997,-119.150722965000000
5/6/2023,Oxnard,other,34.260606645499998,-119.085866643000003
5/6/2023,Oxnard,other,34.149373948899999,-119.083303907000001
11/9/2023,Oxnard,other,34.129900583000001,-119.157766640999995
5/6/2023,Oxnard,other,34.255469806900003,-119.092530213000003
6/13/2022,Oxnard,other,34.181713996900001,-119.133127380000005
5/6/2023,Oxnard,other,34.173958338600002,-119.131086683000007
6/13/2022,Oxnard,other,34.183966719499999,-119.151701930000002
11/9/2023,Oxnard,other,34.135489991199996,-119.156653422999995
5/6/2023,Oxnard,other,34.256073696900003,-119.092102738999998
11/9/2023,Oxnard,other,34.128755653299997,-119.157910880000003
5/6/2023,Oxnard,other,34.257741125099997,-119.087933100000001
5/6/2023,Oxnard,other,34.175045901099999,-119.079009564000003
5/6/2023,Oxnard,other,34.149734359199996,-119.086009020999995
5/6/2023,Oxnard,other,34.202725125500002,-119.058645865000003
6/13/2022,Oxnard,other,34.181966511799999,-119.129711141000001
6/13/2022,Oxnard,other,34.182042651700002,-119.132523075999998
5/6/2023,Oxnard,other,34.151604173999999,-119.085758877999993
11/9/2023,Oxnard,other,34.130936731299997,-119.158345417000007
10/17/2023,Oxnard,other,34.203773740099997,-119.066262359000007
6/13/2022,Oxnard,other,34.181436736400002,-119.128473931000002
10/17/2023,Oxnard,other,34.206259722200002,-119.047608595000000
7/13/2021,Oxnard,other,34.141537440599997,-119.147521288999997
5/6/2023,Oxnard,other,34.151276369300000,-119.083092903999997
11/9/2023,Oxnard,other,34.134239330400000,-119.154718126000006
5/6/2023,Oxnard,other,34.254575390900001,-119.088202131000003
5/6/2023,Oxnard,other,34.149582447800000,-119.084822404999997
5/6/2023,Oxnard,other,34.253273756699997,-119.091323498999998
5/6/2023,Oxnard,other,34.256153073000000,-119.089416884000002
5/6/2023,Oxnard,other,34.149145104500001,-119.085434462999999
6/13/2022,Oxnard,other,34.183054189499998,-119.152534079999995
5/6/2023,Oxnard,other,34.174278708000003,-119.080686795000005
5/6/2023,Oxnard,other,34.257843198899998,-119.088185433999996
6/13/2022,Oxnard,other,34.184917185800003,-119.151705058000005
5/6/2023,Oxnard,other,34.201655348700001,-119.057609821000000
5/6/2023,Oxnard,other,34.201568743099998,-119.058856523000003
5/6/2023,Oxnard,other,34.202088825899999,-119.058306044999995
5/6/2023,Oxnard,other,34.173593873999998,-119.079299813999995
5/11/2023,Oxnard,other,34.283037541900001,-119.069501422000002
6/13/2022,Oxnard,other,34.188419575799998,-119.152843778000005
5/6/2023,Oxnard,other,34.254703864900002,-119.089258865999994
7/13/2021,Oxnard,other,34.141388638999999,-119.147955292999995
6/13/2022,Oxnard,other,34.188557057300002,-119.152596914000000
5/6/2023,Oxnard,other,34.258107561099997,-119.091136531000004
5/6/2023,Oxnard,other,34.201502318800003,-119.058479868000006
5/6/2023,Oxnard,other,34.201979473700000,-119.058831566999999
5/6/2023,Oxnard,other,34.150172993900000,-119.086116070000003
6/13/2022,Oxnard,other,34.186390899599999,-119.152569373999995
10/17/2023,Oxnard,other,34.204133577100002,-119.064311129000004
7/13/2021,Oxnard,other,34.141699211999999,-119.149174608999999
5/6/2023,Oxnard,other,34.255587857099997,-119.092073225999997
10/17/2023,Oxnard,other,34.207552299100001,-119.046552821000006
5/6/2023,Oxnard,other,34.173238870900001,-119.079559601000000
7/13/2021,Oxnard,other,34.142431733700001,-119.147787081000004
7/13/2021,Oxnard,other,34.142890707399999,-119.151300798999998
6/13/2022,Oxnard,other,34.183537584000000,-119.152548597999996
7/13/2021,Oxnard,other,34.142710893800000,-119.147545038999993
5/6/2023,Oxnard,other,34.149570335200004,-119.085741036000002
11/9/2023,Oxnard,other,34.129195835300003,-119.159061952000002
2/15/2020,Oxnard,other,34.229084428500002,-119.249022210999996
5/6/2023,Oxnard,other,34.151438509099997,-119.082769287000005
2/15/2020,Oxnard,other,34.229859171199998,-119.250441089000006
7/13/2021,Oxnard,other,34.141046820500002,-119.147918368000006
5/7/2023,Oxnard,other,34.225436455100002,-119.244715772000006
2/15/2020,Oxnard,other,34.229453000699998,-119.249364182999997
11/9/2023,Oxnard,other,34.135585562400003,-119.154773004000006
11/9/2023,Oxnard,other,34.129545289600003,-119.159889281999995
5/7/2023,Oxnard,other,34.225674028100002,-119.244885901000004
7/13/2021,Oxnard,other,34.142525339499997,-119.151941282999999
5/6/2023,Oxnard,other,34.175322804700002,-119.080454773000000
6/13/2022,Oxnard,other,34.187156641900003,-119.152613995999999
5/6/2023,Oxnard,other,34.149153661699998,-119.082612417999997
8/19/2019,Oxnard,other,34.275047766599997,-119.058204642000007
5/6/2023,Oxnard,other,34.256019223899997,-119.089042121000006
6/13/2022,Oxnard,other,34.183842771899997,-119.151996327999996
5/6/2023,Oxnard,other,34.257128942999998,-119.091790039000003
5/7/2023,Oxnard,other,34.225829094900000,-119.241998854000002
7/13/2021,Oxnard,other,34.141786193800002,-119.149958550999997
5/6/2023,Oxnard,other,34.254906345599998,-119.092176676999998
6/13/2022,Oxnard,other,34.181202484300002,-119.130514769000001
5/6/2023,Oxnard,other,34.149409737299997,-119.083859046000001
11/9/2023,Oxnard,other,34.130548150899997,-119.157891188999997
2/15/2020,Oxnard,other,34.229584341500001,-119.248964510999997
10/17/2023,Oxnard,other,34.199511186199999,-119.045655303000004
2/15/2020,Oxnard,other,34.229585166500001,-119.248081853000002
5/6/2023,Oxnard,other,34.202484749600004,-119.057559424000004
5/6/2023,Oxnard,other,34.253516452000000,-119.090171196000000
5/6/2023,Oxnard,other,34.253396313099998,-119.091582317000004
10/17/2023,Oxnard,other,34.204592529899998,-119.064943951000004
5/6/2023,Oxnard,other,34.202392507900001,-119.059469531000005
5/6/2023,Oxnard,other,34.256421349199996,-119.092063820000007
7/13/2021,Oxnard,other,34.141385826399997,-119.149222910999995
11/9/2023,Oxnard,other,34.128070399300000,-119.160086958999997
6/13/2022,Oxnard,other,34.183361899499999,-119.152280648000001
2/15/2020,Oxnard,other,34.229843060199997,-119.246858122000006
2/15/2020,Oxnard,other,34.229512055800001,-119.249651861000004
6/13/2022,Oxnard,other,34.184968464599997,-119.153427022000002
5/6/2023,Oxnard,other,34.256241925700003,-119.091670394999994
10/17/2023,Oxnard,other,34.207589954900001,-119.047299483000003
11/9/2023,Oxnard,other,34.128325941200004,-119.159028859000003
5/6/2023,Oxnard,other,34.259870090100002,-119.085104776999998
5/6/2023,Oxnard,other,34.256673604400000,-119.089452460999993
6/13/2022,Oxnard,other,34.181877188999998,-119.131347802999997
5/6/2023,Oxnard,other,34.150557686299997,-119.084394055999994
5/6/2023,Oxnard,other,34.202426588500003,-119.060034931000004
5/6/2023,Oxnard,other,34.253469280700003,-119.092497843000004
5/7/2023,Oxnard,other,34.225633564399999,-119.244438150999997
10/17/2023,Oxnard,other,34.203284460399999,-119.065802364999996
5/6/2023,Oxnard,other,34.257875995200003,-119.091784134999997
5/11/2023,Oxnard,other,34.283900248199998,-119.069697164000004
11/9/2023,Oxnard,other,34.128869747400003,-119.158293912000005
10/17/2023,Oxnard,other,34.203610785999999,-119.065499876999993
5/6/2023,Oxnard,other,34.255017883199997,-119.087846987999995
5/6/2023,Oxnard,other,34.253244457999998,-119.092122920999998
6/13/2022,Oxnard,other,34.182009351900000,-119.132030061999998
5/6/2023,Oxnard,other,34.257804548400003,-119.089277240000001
5/6/2023,Oxnard,other,34.174594272500002,-119.079642038000003
5/6/2023,Oxnard,other,34.257059243000000,-119.090061594999995
11/9/2023,Oxnard,other,34.129900874500002,-119.159913642000006
5/6/2023,Oxnard,other,34.257583042100002,-119.093102600999998
11/9/2023,Oxnard,other,34.128111607199997,-119.158440365999994
5/6/2023,Oxnard,other,34.150683568500000,-119.084011828000001
5/6/2023,Oxnard,other,34.173814506900001,-119.079979828999996
5/6/2023,Oxnard,other,34.257239130099997,-119.090819652999997
5/6/2023,Oxnard,other,34.255879286800003,-119.087972500000006
11/9/2023,Oxnard,other,34.134253172299999,-119.156023333999997
7/13/2021,Oxnard,other,34.142930598400000,-119.149760192000002
10/17/2023,Oxnard,other,34.201926219599997,-119.064434298999998
11/9/2023,Oxnard,other,34.133834270000001,-119.156007244999998
5/6/2023,Oxnard,other,34.259823327800000,-119.085897872000004
5/6/2023,Oxnard,other,34.174580512699997,-119.129505261999995
11/9/2023,Oxnard,other,34.128640763500002,-119.158850809000000
5/6/2023,Oxnard,other,34.255168315299997,-119.092339319000004
7/13/2021,Oxnard,other,34.140938687899997,-119.151554648000001
6/13/2022,Oxnard,other,34.187703896099997,-119.152954699999995
6/13/2022,Oxnard,other,34.187271845200002,-119.151834840999996
5/7/2023,Oxnard,other,34.225528754099997,-119.243731154000002
5/6/2023,Oxnard,other,34.150073557600003,-119.085128658000002
6/13/2022,Oxnard,other,34.188192302200001,-119.152428837000002
5/6/2023,Oxnard,other,34.173911132199997,-119.078878717999999
11/9/2023,Oxnard,other,34.135390039900003,-119.157246795999995
5/6/2023,Oxnard,other,34.254549604300003,-119.093202226000002
5/6/2023,Oxnard,other,34.256421974500000,-119.090679476000005
5/6/2023,Oxnard,other,34.259536933200003,-119.085047524000004
10/17/2023,Oxnard,other,34.205061741300000,-119.066273355999996
7/13/2021,Oxnard,other,34.142172601500000,-119.149466003000001
5/6/2023,Oxnard,other,34.201593668699999,-119.059753369000006
5/6/2023,Oxnard,other,34.257244922600002,-119.087792260000001
10/17/2023,Oxnard,other,34.203390923199997,-119.064813271000006
5/6/2023,Oxnard,other,34.257282697400001,-119.091212369000004
11/9/2023,Oxnard,other,34.130575646200001,-119.158612148000003
6/13/2022,Oxnard,other,34.184241355899999,-119.153043506000003
6/13/2022,Oxnard,other,34.180786915299997,-119.127858695000000
5/11/2023,Oxnard,other,34.282891858900001,-119.070045137999998
5/6/2023,Oxnard,other,34.174924602399997,-119.080674318000007
11/9/2023,Oxnard,other,34.129044525099999,-119.158624076999999
5/6/2023,Oxnard,other,34.259998852499997,-119.085563715000006
7/13/2021,Oxnard,other,34.142150332800000,-119.151407160000005
5/6/2023,Oxnard,other,34.254528209599997,-119.088966056999993
10/17/2023,Oxnard,other,34.200500388099996,-119.045400239000003
7/13/2021,Oxnard,other,34.142179002399999,-119.148300202000001
5/6/2023,Oxnard,other,34.172688835800002,-119.078402924000002
5/6/2023,Oxnard,other,34.150992486600003,-119.082444854000002
10/17/2023,Oxnard,other,34.204466451499997,-119.065858382000002
11/9/2023,Oxnard,other,34.127829762300003,-119.159397378999998
5/6/2023,Oxnard,other,34.256267624499998,-119.093041266000000
6/13/2022,Oxnard,other,34.181732118699998,-119.131064663999993
5/6/2023,Oxnard,other,34.256375550000001,-119.088274608999996
5/6/2023,Oxnard,other,34.258079063399997,-119.090382239999997
7/13/2021,Oxnard,other,34.142020069600001,-119.152295824999996
2/15/2020,Oxnard,other,34.229213669600000,-119.250174401999999
5/6/2023,Oxnard,other,34.258144680199997,-119.088270068000000
7/13/2021,Oxnard,other,34.142476000700000,-119.151240009000006
5/6/2023,Oxnard,other,34.201682251299999,-119.058099736000003
5/6/2023,Oxnard,other,34.255006853600001,-119.091560134000005
5/11/2023,Oxnard,other,34.284128772400003,-119.068877853000004
6/13/2022,Oxnard,other,34.186050809299999,-119.152264063999993
5/6/2023,Oxnard,other,34.202024012099997,-119.060024587000001
11/9/2023,Oxnard,other,34.128606731100000,-119.158553577000006
6/13/2022,Oxnard,other,34.185658751200002,-119.152846987000004
5/6/2023,Oxnard,other,34.174855394700003,-119.132267107999994
5/6/2023,Oxnard,other,34.257386734699999,-119.089810674999995
5/7/2023,Oxnard,other,34.225028302100000,-119.242414848999999
5/6/2023,Oxnard,other,34.254744854499997,-119.092489590000000
5/6/2023,Oxnard,other,34.149843486000002,-119.083648956999994
11/9/2023,Oxnard,other,34.129138534500001,-119.158159832999999
6/13/2022,Oxnard,other,34.181681255599997,-119.130778083999999
11/9/2023,Oxnard,other,34.128760806800003,-119.159158152000003
10/17/2023,Oxnard,other,34.206784698200003,-119.047832956999997
5/6/2023,Oxnard,other,34.173836082500003,-119.133018505999999
5/6/2023,Oxnard,other,34.256697775699998,-119.092231441999999
11/9/2023,Oxnard,other,34.134798211700002,-119.156134785000006
11/9/2023,Oxnard,other,34.129993166399998,-119.158534012999993
5/6/2023,Oxnard,other,34.257977841799999,-119.092909840000004
11/9/2023,Oxnard,other,34.128479885799997,-119.159608861999999
5/6/2023,Oxnard,other,34.150634635099998,-119.084748582000003
5/7/2023,Oxnard,other,34.225744223600003,-119.243459879000000
5/6/2023,Oxnard,other,34.257709356100001,-119.090649740000003
7/13/2021,Oxnard,other,34.141732451599999,-119.151973018000007
7/13/2021,Oxnard,other,34.141140636400003,-119.148991695999996
5/6/2023,Oxnard,other,34.151220490400000,-119.085820760999994
5/6/2023,Oxnard,other,34.174393594100003,-119.129887307000004
11/9/2023,Oxnard,other,34.129164352600000,-119.160092887999994
7/13/2021,Oxnard,other,34.141066957299998,-119.151974568000000
6/13/2022,Oxnard,other,34.185970172899999,-119.152986339999998
5/6/2023,Oxnard,other,34.260288002800003,-119.085535871000005
5/6/2023,Oxnard,other,34.256793866300001,-119.091932897999996
5/6/2023,Oxnard,other,34.174950126799999,-119.129707776000004
2/15/2020,Oxnard,other,34.229250746500000,-119.250460454000006
5/7/2023,Oxnard,other,34.225597230500000,-119.244054344999995
5/6/2023,Oxnard,other,34.172753901699998,-119.078805365999997
5/6/2023,Oxnard,other,34.150856859299999,-119.086139512000003
6/13/2022,Oxnard,other,34.182090817899997,-119.131085041000006
10/17/2023,Oxnard,other,34.204618101999998,-119.066139669999998
5/6/2023,Oxnard,other,34.174568262599998,-119.131644405000003
2/15/2020,Oxnard,other,34.229808765100003,-119.247238464999995
5/6/2023,Oxnard,other,34.149003288099998,-119.085117835000005
5/11/2023,Oxnard,other,34.283470022200000,-119.069947128999999
10/17/2023,Oxnard,other,34.203084034400000,-119.066170975000006
5/11/2023,Oxnard,other,34.283582724500000,-119.068913604000002
5/6/2023,Oxnard,other,34.257621464200000,-119.089666249999993
7/13/2021,Oxnard,other,34.142981841100003,-119.148703073999997
5/6/2023,Oxnard,other,34.256422485100003,-119.093313210999995
5/6/2023,Oxnard,other,34.255168083599997,-119.090721228999996
10/17/2023,Oxnard,other,34.207076130700003,-119.047589152000000
5/7/2023,Oxnard,other,34.225768709299999,-119.242711628999999
7/13/2021,Oxnard,other,34.142570711499999,-119.149282657000001
5/6/2023,Oxnard,other,34.257977341800000,-119.091383453000006
7/13/2021,Oxnard,other,34.141587167700003,-119.150431198000007
5/6/2023,Oxnard,other,34.255597086700000,-119.093142146000005
10/17/2023,Oxnard,other,34.203109177400002,-119.065007370999993
5/6/2023,Oxnard,other,34.149512156800000,-119.086215190999994
6/13/2022,Oxnard,other,34.182094095200000,-119.129224678000000
5/6/2023,Oxnard,other,34.254939043999997,-119.090395442000002
5/6/2023,Oxnard,other,34.256882083800001,-119.089717958999998
5/6/2023,Oxnard,other,34.202396142700003,-119.057881132000006
6/13/2022,Oxnard,other,34.185909804500000,-119.152521970999999
10/17/2023,Oxnard,other,34.202565304099998,-119.065616535999993
6/13/2022,Oxnard,other,34.180917983199997,-119.130216693999998
5/6/2023,Oxnard,other,34.175211335100002,-119.079237285999994
5/6/2023,Oxnard,other,34.257590863399997,-119.088803145000000
6/13/2022,Oxnard,other,34.181072021600002,-119.132790377000006
5/6/2023,Oxnard,other,34.257148764699998,-119.090455657000007
6/13/2022,Oxnard,other,34.180777765800002,-119.132264083999999
6/13/2022,Oxnard,other,34.185427184100000,-119.152685589000001
11/9/2023,Oxnard,other,34.128557196499997,-119.160263330999996
5/6/2023,Oxnard,other,34.254476046900002,-119.091816218000005
5/6/2023,Oxnard,other,34.174572127899999,-119.078411127999999
5/6/2023,Oxnard,other,34.257802637700003,-119.092333878000005
6/13/2022,Oxnard,other,34.188213467700002,-119.151685322999995
5/6/2023,Oxnard,other,34.253235490100003,-119.089351320000006
10/17/2023,Oxnard,other,34.199908798599999,-119.045371091999996
11/9/2023,Oxnard,other,34.135313988599997,-119.156916383999999
5/6/2023,Oxnard,other,34.256314704700003,-119.089050886999999
5/6/2023,Oxnard,other,34.149598955199998,-119.083533670999998
10/17/2023,Oxnard,other,34.201726047599998,-119.065974199999999
5/6/2023,Oxnard,other,34.202802462299999,-119.057415974999998
5/6/2023,Oxnard,other,34.256721257700001,-119.090881546000006
10/17/2023,Oxnard,other,34.202518338099999,-119.064194869000005
5/6/2023,Oxnard,other,34.172950751899997,-119.080627554000003
10/17/2023,Oxnard,other,34.203739157800001,-119.064076948999997
5/7/2023,Oxnard,other,34.225368156300000,-119.242908458000002
5/6/2023,Oxnard,other,34.151300820300001,-119.085208718999993
5/6/2023,Oxnard,other,34.261017011699998,-119.085195845000001
8/19/2019,Oxnard,other,34.276178846400001,-119.058917706000003
6/13/2022,Oxnard,other,34.186114709899996,-119.151954329000006
6/13/2022,Oxnard,other,34.180934554600000,-119.129886893999995
11/9/2023,Oxnard,other,34.129705088700000,-119.159581669999994
10/17/2023,Oxnard,other,34.203048756299999,-119.065626907999999
10/17/2023,Oxnard,other,34.202851630399998,-119.065970883999995
6/13/2022,Oxnard,other,34.188089947999998,-119.152864086999998
10/17/2023,Oxnard,other,34.206428369500003,-119.047141611000001
10/17/2023,Oxnard,other,34.199096667100001,-119.045972680999995
5/7/2023,Oxnard,other,34.225488115399997,-119.242559666000005
6/13/2022,Oxnard,other,34.188180969699999,-119.153202375999996
2/15/2020,Oxnard,other,34.229572273800002,-119.247105361999999
7/13/2021,Oxnard,other,34.141313703999998,-119.148479825999999
5/6/2023,Oxnard,other,34.202170180300001,-119.059139002999999
5/6/2023,Oxnard,other,34.253538489500002,-119.089772212000000
7/13/2021,Oxnard,other,34.141791943100003,-119.150964031000001
6/13/2022,Oxnard,other,34.181793588399998,-119.132812049999998
6/13/2022,Oxnard,other,34.188646599000002,-119.153176298000005
5/6/2023,Oxnard,other,34.255797768599997,-119.087709931000006
5/11/2023,Oxnard,other,34.284100888799998,-119.069409288000003
5/7/2023,Oxnard,other,34.225094126000002,-119.242829405999998
5/6/2023,Oxnard,other,34.150766529599998,-119.085804951000000
5/6/2023,Oxnard,other,34.150248739600002,-119.083019432000000
5/6/2023,Oxnard,other,34.172799636900002,-119.079577098000001
2/15/2020,Oxnard,other,34.228862942900001,-119.246595443999993
10/17/2023,Oxnard,other,34.204332332000000,-119.065424703999994
5/6/2023,Oxnard,other,34.255615927199997,-119.088828370000002
5/6/2023,Oxnard,other,34.259413996299998,-119.084588710999995
5/6/2023,Oxnard,other,34.253884182000000,-119.087711956000007
10/17/2023,Oxnard,other,34.203802314800001,-119.064443698999995
5/6/2023,Oxnard,other,34.254803472299997,-119.088494439000002
11/9/2023,Oxnard,other,34.133587674799998,-119.156566667000007
10/17/2023,Oxnard,other,34.206064638400001,-119.047030054000004
11/9/2023,Oxnard,other,34.133633089900002,-119.156858616999997
5/6/2023,Oxnard,other,34.257043137700002,-119.088466565000004
5/6/2023,Oxnard,other,34.259510347400003,-119.084035193000005
5/6/2023,Oxnard,other,34.253479532999997,-119.088419967999997
11/9/2023,Oxnard,other,34.131286209199999,-119.158425905000001
10/17/2023,Oxnard,other,34.204059073400003,-119.065355495999995
5/6/2023,Oxnard,other,34.149475041099997,-119.082454439000003
5/6/2023,Oxnard,other,34.255716049400000,-119.088414553000007
6/13/2022,Oxnard,other,34.181164212399999,-119.128406050999999
6/13/2022,Oxnard,other,34.183400762900000,-119.152926105000006
11/9/2023,Oxnard,other,34.135372559099999,-119.155680192000005
5/6/2023,Oxnard,other,34.256897046200002,-119.092563573000007
2/15/2020,Oxnard,other,34.229861774800000,-119.249339018000001
11/9/2023,Oxnard,other,34.135150204900000,-119.156023968000000
5/6/2023,Oxnard,other,34.174381124100002,-119.079289068999998
11/9/2023,Oxnard,other,34.131180739900003,-119.158101623999997
6/13/2022,Oxnard,other,34.186568689500000,-119.153057184999994
10/17/2023,Oxnard,other,34.202574133699997,-119.065321412000003
11/9/2023,Oxnard,other,34.128935585000001,-119.159422423999999
6/13/2022,Oxnard,other,34.182094644400003,-119.128468251000001
6/13/2022,Oxnard,other,34.183371259499999,-119.153243396999997
11/9/2023,Oxnard,other,34.133672798900001,-119.156246625999998
5/6/2023,Oxnard,other,34.148798197799998,-119.083187249000005
6/13/2022,Oxnard,other,34.181127802200002,-119.133088502000007
11/9/2023,Oxnard,other,34.129767099399999,-119.159310994999998
11/9/2023,Oxnard,other,34.134825095700002,-119.156663414999997
5/6/2023,Oxnard,other,34.150291435699998,-119.083920789000004
6/13/2022,Oxnard,other,34.183128218299998,-119.153124376999997
11/9/2023,Oxnard,other,34.130190869800003,-119.159885837999994
6/13/2022,Oxnard,other,34.180818114700003,-119.129061378000003
5/6/2023,Oxnard,other,34.255848337700002,-119.090333983999997
6/13/2022,Oxnard,other,34.185649183599999,-119.152042816999995
10/17/2023,Oxnard,other,34.202898565100000,-119.064105416000004
5/6/2023,Oxnard,other,34.174161778399998,-119.132889590000005
10/17/2023,Oxnard,other,34.199181146699999,-119.046307971000004
6/13/2022,Oxnard,other,34.186996494600002,-119.151892445000001
11/9/2023,Oxnard,other,34.129356167600001,-119.157822046999996
6/13/2022,Oxnard,other,34.186715155800002,-119.152230571000004
6/13/2022,Oxnard,other,34.183070642200001,-119.152103100000005
5/6/2023,Oxnard,other,34.173370046400002,-119.080359744000006
10/17/2023,Oxnard,other,34.200179449099998,-119.046176325000005
5/6/2023,Oxnard,other,34.254510410400002,-119.087911876999996
5/6/2023,Oxnard,other,34.151057655599999,-119.084711016000000
6/13/2022,Oxnard,other,34.182052434200003,-119.130598555000006
5/6/2023,Oxnard,other,34.174427072900002,-119.080362957000006
5/6/2023,Oxnard,other,34.151716015900000,-119.085021046999998
5/11/2023,Oxnard,other,34.283659626099997,-119.069569759000004
11/9/2023,Oxnard,other,34.130838519699999,-119.158805264999998
5/6/2023,Oxnard,other,34.254896720600001,-119.090931053000006
5/6/2023,Oxnard,other,34.257790013899999,-119.090022316000002
5/6/2023,Oxnard,other,34.253876012399999,-119.093152148000001
10/17/2023,Oxnard,other,34.199294093200002,-119.046714003000005
5/6/2023,Oxnard,other,34.259189753699999,-119.084208877999998
11/9/2023,Oxnard,other,34.134386214400003,-119.157171015000003
5/6/2023,Oxnard,other,34.149125200599997,-119.083848196000005
11/9/2023,Oxnard,other,34.129382061699999,-119.158638023999998
5/6/2023,Oxnard,other,34.253878533100000,-119.087431839000004
5/6/2023,Oxnard,other,34.175092704100003,-119.080063428000003
5/6/2023,Oxnard,other,34.173924788199997,-119.080545982000004
5/6/2023,Oxnard,other,34.174942584100002,-119.132538803000003
5/6/2023,Oxnard,other,34.255358429099999,-119.091628216000004
5/6/2023,Oxnard,other,34.254558537800001,-119.090736946999996
6/13/2022,Oxnard,other,34.188253891499997,-119.151987234000003
10/17/2023,Oxnard,other,34.203845338599997,-119.065089466000003
10/17/2023,Oxnard,other,34.199119777800000,-119.047343996999999
5/6/2023,Oxnard,other,34.173815862900000,-119.130046402000005
5/6/2023,Oxnard,other,34.173872430700001,-119.132427113999995
6/13/2022,Oxnard,other,34.187283259099999,-119.153117309999999
7/13/2021,Oxnard,other,34.141965858900001,-119.151665070000007
8/19/2019,Oxnard,other,34.275979964400001,-119.058013578000001
11/9/2023,Oxnard,other,34.128355605599999,-119.158727618000000
5/11/2023,Oxnard,other,34.283031563199998,-119.068870290999996
7/13/2021,Oxnard,other,34.141608596399998,-119.149750530000006
5/6/2023,Oxnard,other,34.201885545200000,-119.057457373000005
5/6/2023,Oxnard,other,34.174452938100004,-119.131152303999997
7/13/2021,Oxnard,other,34.142087400400001,-119.149020747999998
6/13/2022,Oxnard,other,34.184582807100000,-119.153382863999994
5/7/2023,Oxnard,other,34.225029440599997,-119.243447571000004
5/6/2023,Oxnard,other,34.148799757200003,-119.082416937999994
5/6/2023,Oxnard,other,34.255124925200001,-119.089181710000005
10/17/2023,Oxnard,other,34.204194672299998,-119.065056366999997
11/9/2023,Oxnard,other,34.130568600399997,-119.159659732999998
7/13/2021,Oxnard,other,34.141281194800001,-119.149765012000003
5/6/2023,Oxnard,other,34.254795817100003,-119.093059405999995
5/6/2023,Oxnard,other,34.150743949000002,-119.083669725999997
7/13/2021,Oxnard,other,34.142068856199998,-119.147710250000003
7/13/2021,Oxnard,other,34.142319677899998,-119.148592256000001
5/6/2023,Oxnard,other,34.149644690400002,-119.085392149000000
6/13/2022,Oxnard,other,34.186027473199999,-119.153483011999995
10/17/2023,Oxnard,other,34.202106483599998,-119.065180538000007
5/6/2023,Oxnard,other,34.201770644600003,-119.058578339999997
5/6/2023,Oxnard,other,34.256018980299999,-119.088717525999996
5/6/2023,Oxnard,other,34.254324504400003,-119.088650313000002
5/6/2023,Oxnard,other,34.255951116500000,-119.090980967999997
2/15/2020,Oxnard,other,34.229206100500001,-119.249888385999995
5/6/2023,Oxnard,other,34.254788300400001,-119.087304223000004
5/6/2023,Oxnard,other,34.148937585500001,-119.082899264999995
5/6/2023,Oxnard,other,34.201781261800001,-119.059076739000005
5/6/2023,Oxnard,other,34.256523306799998,-119.091663471000004
6/13/2022,Oxnard,other,34.183701656200000,-119.152284971000000
11/9/2023,Oxnard,other,34.133623686400000,-119.155713297999995
5/6/2023,Oxnard,other,34.175136350000002,-119.079786780000006
5/7/2023,Oxnard,other,34.225214707500001,-119.244462413999997
5/6/2023,Oxnard,other,34.149488670700002,-119.082886829000003
5/6/2023,Oxnard,other,34.254346975200001,-119.089355944999994
5/6/2023,Oxnard,other,34.254108650900001,-119.090359867999993
7/13/2021,Oxnard,other,34.142613373800003,-119.152313243999998
8/19/2019,Oxnard,other,34.276010576499999,-119.058421435000000
2/15/2020,Oxnard,other,34.229570483800003,-119.246796282000005
10/17/2023,Oxnard,other,34.203125283900000,-119.064504013000004
10/17/2023,Oxnard,other,34.200478112600003,-119.047595756999996
6/13/2022,Oxnard,other,34.184389616600001,-119.151685318000006
11/9/2023,Oxnard,other,34.134961756999999,-119.156925766000001
5/6/2023,Oxnard,other,34.255964738099998,-119.093266925999998
5/6/2023,Oxnard,other,34.255187923299999,-119.092989533999997
5/6/2023,Oxnard,other,34.253674203199999,-119.090508839999998
11/9/2023,Oxnard,other,34.134484243099998,-119.156503309000001
10/17/2023,Oxnard,other,34.206721519600002,-119.046261684000001
5/6/2023,Oxnard,other,34.151241321199997,-119.086251906000001
5/6/2023,Oxnard,other,34.253894243500000,-119.091955001000002
5/6/2023,Oxnard,other,34.255025269900003,-119.093227087000002
6/13/2022,Oxnard,other,34.184339869799999,-119.152151825000004
6/13/2022,Oxnard,other,34.181127131899999,-119.132222446000000
5/7/2023,Oxnard,other,34.225130431300002,-119.241550520999994
10/17/2023,Oxnard,other,34.206635383299997,-119.047377640999997
5/6/2023,Oxnard,other,34.257346212599998,-119.088094200000000
5/6/2023,Oxnard,other,34.256342375199999,-119.089682515999996
10/17/2023,Oxnard,other,34.202293341000001,-119.064523488999995
5/11/2023,Oxnard,other,34.284079377399998,-119.069950770999995
10/17/2023,Oxnard,other,34.207468526100001,-119.047599515000002
5/6/2023,Oxnard,other,34.150820152400001,-119.082660743000005
5/6/2023,Oxnard,other,34.257131676599997,-119.089413847000003
5/6/2023,Oxnard,other,34.173519737399999,-119.079857263999997
5/6/2023,Oxnard,other,34.173728793899997,-119.078404139000000
10/17/2023,Oxnard,other,34.203496193299998,-119.066302308000004
5/7/2023,Oxnard,other,34.225423014400000,-119.240955434000000
5/6/2023,Oxnard,other,34.201604886299997,-119.060080002000007
5/6/2023,Oxnard,other,34.253579158699999,-119.092007697000000
11/9/2023,Oxnard,other,34.129495107200000,-119.158235869999999
6/13/2022,Oxnard,other,34.181731676100000,-119.128269571000004
5/6/2023,Oxnard,other,34.254600985400003,-119.089623740999997
11/9/2023,Oxnard,other,34.134547122299999,-119.154912760000002
5/6/2023,Oxnard,other,34.255725097099997,-119.091797984999999
5/6/2023,Oxnard,other,34.151627042400001,-119.082464694999999
5/6/2023,Oxnard,other,34.257660705900001,-119.092789095000001
5/6/2023,Oxnard,other,34.256712662399998,-119.089961058000000
5/6/2023,Oxnard,other,34.253564916700000,-119.091088752000005
10/17/2023,Oxnard,other,34.202325613600003,-119.066139446999998
2/15/2020,Oxnard,other,34.229797997699997,-119.249790782000005
5/6/2023,Oxnard,other,34.257520966599998,-119.092264388999993
11/9/2023,Oxnard,other,34.130503864900000,-119.159295540000002
6/13/2022,Oxnard,other,34.185523487099999,-119.153382762999996
5/6/2023,Oxnard,other,34.255745074200000,-119.092694649999999
5/7/2023,Oxnard,other,34.225381980000002,-119.241957511999999
5/6/2023,Oxnard,other,34.150075677600000,-119.084827138999998
6/13/2022,Oxnard,other,34.184662940099997,-119.151894877000004
5/6/2023,Oxnard,other,34.254731157700000,-119.089996882999998
5/6/2023,Oxnard,other,34.260425102399999,-119.084356506000006
6/13/2022,Oxnard,other,34.180770629400001,-119.128292267999996
5/6/2023,Oxnard,other,34.148821797799997,-119.084408725000003
5/6/2023,Oxnard,other,34.254481120599998,-119.091273627999996
5/6/2023,Oxnard,other,34.260627305900002,-119.084071167000005
7/13/2021,Oxnard,other,34.141234529099997,-119.149460930999993
10/17/2023,Oxnard,other,34.205155060499997,-119.064333605000002
5/6/2023,Oxnard,other,34.255972701499999,-119.092992985999999
11/9/2023,Oxnard,other,34.128370222400001,-119.157706916999999
5/6/2023,Oxnard,other,34.151300900300001,-119.085488261999998
5/6/2023,Oxnard,other,34.253568194200000,-119.088120642000007
10/17/2023,Oxnard,other,34.200238513000002,-119.046615247000005
5/6/2023,Oxnard,other,34.150953478500000,-119.084074537999996
11/9/2023,Oxnard,other,34.130693965600003,-119.158166047999998
2/15/2020,Oxnard,other,34.229290199099999,-119.247490361000004
5/6/2023,Oxnard,other,34.255545467300003,-119.090429068999995
5/6/2023,Oxnard,other,34.255803868800001,-119.089990725000007
5/6/2023,Oxnard,other,34.202729631099999,-119.059328856999997
5/6/2023,Oxnard,other,34.151712838999998,-119.084618132000003
5/6/2023,Oxnard,other,34.174332508799999,-119.130399620000006
6/13/2022,Oxnard,other,34.181098406799997,-119.127858971999999
5/6/2023,Oxnard,other,34.151353645800000,-119.083709417999998
11/9/2023,Oxnard,other,34.128714208900000,-119.159848061000005
5/6/2023,Oxnard,other,34.202037731300003,-119.059601388000004
10/17/2023,Oxnard,other,34.201994907699998,-119.066228893000002
5/6/2023,Oxnard,other,34.175361596000002,-119.079620695000003
5/6/2023,Oxnard,other,34.253901181600000,-119.088734826000007
10/17/2023,Oxnard,other,34.201556666800002,-119.064106496999997
5/6/2023,Oxnard,other,34.256275945799999,-119.087413088999995
7/13/2021,Oxnard,other,34.141901336899998,-119.149674805999993
11/9/2023,Oxnard,other,34.135402673100003,-119.155368994000000
11/9/2023,Oxnard,other,34.128162722699997,-119.157979742999999
10/17/2023,Oxnard,other,34.200492710900001,-119.047128545999996
10/17/2023,Oxnard,other,34.200003462100000,-119.047087688999994
11/9/2023,Oxnard,other,34.134444501099999,-119.154511814000003
5/6/2023,Oxnard,other,34.172545134899998,-119.079233013000007
6/13/2022,Oxnard,other,34.180994272400000,-119.133364619999995
6/13/2022,Oxnard,other,34.187280186999999,-119.153517957999995
5/6/2023,Oxnard,other,34.255500154300002,-119.089622234000004
7/13/2021,Oxnard,other,34.142830642800000,-119.148256555000003
10/17/2023,Oxnard,other,34.207620488899998,-119.047841030000001
5/6/2023,Oxnard,other,34.255853170800002,-119.090617174000002
7/13/2021,Oxnard,other,34.141241717699998,-119.150152032999998
5/6/2023,Oxnard,other,34.149804449700000,-119.084480248000006
10/17/2023,Oxnard,other,34.203460290599999,-119.064474783999998
5/6/2023,Oxnard,other,34.175103243300001,-119.078504421000005
7/13/2021,Oxnard,other,34.142135808799999,-119.151052922000005
5/6/2023,Oxnard,other,34.149420477100001,-119.085084499999994
6/13/2022,Oxnard,other,34.188348219200002,-119.153478062000005
6/13/2022,Oxnard,other,34.183844827700000,-119.152578460000001
2/15/2020,Oxnard,other,34.229111424800003,-119.247803844000003
5/6/2023,Oxnard,other,34.261011491799998,-119.084758128000004
6/13/2022,Oxnard,other,34.181139826100001,-119.128997909000006
11/9/2023,Oxnard,other,34.129583810200003,-119.158880952000004
6/13/2022,Oxnard,other,34.181325343300003,-119.129598126000005
6/13/2022,Oxnard,other,34.181663869200001,-119.129512989000006
5/6/2023,Oxnard,other,34.260262744400002,-119.085891192000005
5/6/2023,Oxnard,other,34.260728361900000,-119.084768151999995
5/6/2023,Oxnard,other,34.174952281400003,-119.130968194999994
11/9/2023,Oxnard,other,34.129059599199998,-119.157759775000002
5/6/2023,Oxnard,other,34.173916755699999,-119.130491230000004
7/13/2021,Oxnard,other,34.142129324400003,-119.151901934999998
5/6/2023,Oxnard,other,34.255799602800003,-119.091392029999994
5/6/2023,Oxnard,other,34.173902139100001,-119.129470894999997
5/6/2023,Oxnard,other,34.255485173600000,-119.088034501999999
6/13/2022,Oxnard,other,34.183156247200003,-119.151834702000002
5/7/2023,Oxnard,other,34.225061709499997,-119.244221741999993
11/9/2023,Oxnard,other,34.128145043400004,-119.160354409000007
11/9/2023,Oxnard,other,34.129110924999999,-119.159771879000004
5/7/2023,Oxnard,other,34.225472176200000,-119.243229700000001
6/13/2022,Oxnard,other,34.181633944200001,-119.128847794999999
11/9/2023,Oxnard,other,34.131250197900002,-119.159848588000003
10/17/2023,Oxnard,other,34.200225780700002,-119.045438142999998
10/17/2023,Oxnard,other,34.207039004599999,-119.047023537000001
10/17/2023,Oxnard,other,34.200556232499999,-119.046288555000004
11/9/2023,Oxnard,other,34.128453732700002,-119.157965227999995
2/15/2020,Oxnard,other,34.229587954499998,-119.250174821000002
10/17/2023,Oxnard,other,34.206745409699998,-119.046708464999995
5/6/2023,Oxnard,other,34.173041379899999,-119.078634627000000
2/15/2020,Oxnard,other,34.229522427200003,-119.248544190000004
5/6/2023,Oxnard,other,34.256896394499996,-119.091410304999997
5/6/2023,Oxnard,other,34.173941872500002,-119.129748609999993
11/9/2023,Oxnard,other,34.135299384100001,-119.156420150000002
6/13/2022,Oxnard,other,34.182063117799999,-119.127691178999996
5/6/2023,Oxnard,other,34.258132767399999,-119.090660909999997
5/6/2023,Oxnard,other,34.202663273299997,-119.060290072000001
5/6/2023,Oxnard,other,34.253751640399997,-119.089953988000005
6/13/2022,Oxnard,other,34.184637309800003,-119.152894622000005
5/6/2023,Oxnard,other,34.172993216800002,-119.079955823000006
6/13/2022,Oxnard,other,34.183841455500001,-119.153248196999996
2/15/2020,Oxnard,other,34.229239184100003,-119.248757013000002
5/6/2023,Oxnard,other,34.254157458000002,-119.087816355000001
5/6/2023,Oxnard,other,34.173812378699999,-119.131594285999995
5/6/2023,Oxnard,other,34.151563175400000,-119.085359247000000
6/13/2022,Oxnard,other,34.180846253600002,-119.129357744000004
11/9/2023,Oxnard,other,34.133989140899999,-119.157416333000000
7/13/2021,Oxnard,other,34.141052013600003,-119.147620713999999
5/6/2023,Oxnard,other,34.253241651200000,-119.089720116999999
10/17/2023,Oxnard,other,34.204784105000002,-119.064323942000001
5/6/2023,Oxnard,other,34.261016015099997,-119.085506718000005
11/9/2023,Oxnard,other,34.128017102000001,-119.159613897000000
5/6/2023,Oxnard,other,34.260226317099999,-119.084604501000001
11/9/2023,Oxnard,other,34.133813472999996,-119.155232253999998
5/6/2023,Oxnard,other,34.255151759400000,-119.090123531000003
7/13/2021,Oxnard,other,34.142558794099997,-119.148123064999993
5/6/2023,Oxnard,other,34.174665472900003,-119.132578714999994
5/6/2023,Oxnard,other,34.149209365700003,-119.083025290999998
5/6/2023,Oxnard,other,34.257422538500002,-119.089120246999997
5/6/2023,Oxnard,other,34.256287133000001,-119.087684796999994
5/6/2023,Oxnard,other,34.254803482600003,-119.088034727999997
6/13/2022,Oxnard,other,34.181393315299999,-119.133290064999997
5/6/2023,Oxnard,other,34.254071029899997,-119.088414082000000
6/13/2022,Oxnard,other,34.184878395500000,-119.153133103000002
7/13/2021,Oxnard,other,34.141428803200000,-119.148931972000000
5/6/2023,Oxnard,other,34.257214749699997,-119.088758741000007
7/13/2021,Oxnard,other,34.142347297599997,-119.147435806999994
10/17/2023,Oxnard,other,34.202853743699997,-119.064461848999997
10/17/2023,Oxnard,other,34.205149338200002,-119.065923837000000
2/15/2020,Oxnard,other,34.229182123400001,-119.247051870999996
7/13/2021,Oxnard,other,34.142857550999999,-119.149439174999998
5/6/2023,Oxnard,other,34.150171550800003,-119.085419805000001
8/19/2019,Oxnard,other,34.276255462100004,-119.058302776000005
5/7/2023,Oxnard,other,34.225839585300001,-119.241333874999995
10/17/2023,Oxnard,other,34.207032719099999,-119.047295888999997
7/13/2021,Oxnard,other,34.142431021400000,-119.149679774999996
5/6/2023,Oxnard,other,34.202453228200000,-119.059064868999997
5/6/2023,Oxnard,other,34.257588099199999,-119.090987396000003
8/19/2019,Oxnard,other,34.275051200900002,-119.057884060000006
7/13/2021,Oxnard,other,34.142066803900001,-119.150762568000005
6/13/2022,Oxnard,other,34.181481362800000,-119.127642316000006
7/13/2021,Oxnard,other,34.140954111699997,-119.148328972000002
7/13/2021,Oxnard,other,34.141034209300003,-119.150386130000001
5/6/2023,Oxnard,other,34.254430664600001,-119.092223184000005
5/6/2023,Oxnard,other,34.174619773700002,-119.131915485999997
5/6/2023,Oxnard,other,34.260924097299998,-119.084494243999998
2/15/2020,Oxnard,other,34.228822732399998,-119.247756615000000
5/6/2023,Oxnard,other,34.202565663500003,-119.058119039999994
5/6/2023,Oxnard,other,34.174272697799999,-119.079542446000005
6/13/2022,Oxnard,other,34.187547666800000,-119.152719172999994
5/6/2023,Oxnard,other,34.174692358700000,-119.129139860999999
5/6/2023,Oxnard,other,34.148755439299997,-119.084903832999998
7/13/2021,Oxnard,other,34.142236331299998,-119.150067854000000
10/17/2023,Oxnard,other,34.200524484799999,-119.046649957000000
5/6/2023,Oxnard,other,34.253253179300003,-119.088229096999996
7/13/2021,Oxnard,other,34.142987872200003,-119.150425135999996
5/6/2023,Oxnard,other,34.258078595199997,-119.089457585000005
5/6/2023,Oxnard,other,34.257671295100003,-119.088467553000001
8/19/2019,Oxnard,other,34.275363800199997,-119.057942268999994
11/9/2023,Oxnard,other,34.133322485699999,-119.154488413999999
5/7/2023,Oxnard,other,34.224981809699997,-119.241923733999997
7/13/2021,Oxnard,other,34.141226720900001,-119.151035991000001
5/6/2023,Oxnard,other,34.253925665799997,-119.088088432000006
5/6/2023,Oxnard,other,34.202045193200000,-119.057787601000001
6/13/2022,Oxnard,other,34.184203109099997,-119.153457579999994
6/13/2022,Oxnard,other,34.181733004199998,-119.127825229999999
10/17/2023,Oxnard,other,34.199900417800002,-119.046301147999998
5/6/2023,Oxnard,other,34.174937634899997,-119.130611071999994
5/6/2023,Oxnard,other,34.201859941400002,-119.060440146000005
5/6/2023,Oxnard,other,34.254085925799998,-119.092674849000005
2/15/2020,Oxnard,other,34.229164158300001,-119.248400434999994
5/6/2023,Oxnard,other,34.256253363799999,-119.092305650000000
5/6/2023,Oxnard,other,34.174158135100001,-119.131413451000000
5/6/2023,Oxnard,other,34.173844081799999,-119.079661841999993
5/6/2023,Oxnard,other,34.149281277800000,-119.084821972000000
10/17/2023,Oxnard,other,34.207286519900002,-119.047828831999993
6/13/2022,Oxnard,other,34.180729835699999,-119.132765398999993
11/9/2023,Oxnard,other,34.134160716600000,-119.156286993999998
6/13/2022,Oxnard,other,34.184712140999999,-119.152462842000006
5/11/2023,Oxnard,other,34.282886358299997,-119.069772517000004
5/6/2023,Oxnard,other,34.255482706700001,-119.090138781999997
5/6/2023,Oxnard,other,34.254747997300001,-119.092760734999999
5/6/2023,Oxnard,other,34.151726168400003,-119.083721724000000
5/6/2023,Oxnard,other,34.259238333100001,-119.085643206000000
7/13/2021,Oxnard,other,34.142040817400002,-119.147415656000007
5/6/2023,Oxnard,other,34.258126713800003,-119.092249449999997
7/13/2021,Oxnard,other,34.141641280499996,-119.151580882000005
11/9/2023,Oxnard,other,34.133731590499998,-119.154951773999997
5/6/2023,Oxnard,other,34.253695145700000,-119.091347968999997
5/11/2023,Oxnard,other,34.282815491400001,-119.069158535000000
5/6/2023,Oxnard,other,34.174713560699999,-119.133159767999999
11/9/2023,Oxnard,other,34.134551089500000,-119.155943070999996
11/9/2023,Oxnard,other,34.133858887499997,-119.156573854000001
6/13/2022,Oxnard,other,34.187668686599999,-119.151880199999994
10/17/2023,Oxnard,other,34.204879828199999,-119.065715429999997
10/17/2023,Oxnard,other,34.206742034900003,-119.047029652999996
6/13/2022,Oxnard,other,34.181472940100001,-119.128068846999994
11/9/2023,Oxnard,other,34.127782742599997,-119.159111014000004
10/17/2023,Oxnard,other,34.203290782000003,-119.065477646999994
6/13/2022,Oxnard,other,34.181416970500003,-119.130230858000004
10/17/2023,Oxnard,other,34.201842563900001,-119.065380684000004
6/13/2022,Oxnard,other,34.180814286000000,-119.133052862000000
6/13/2022,Oxnard,other,34.182869360799998,-119.153201730999996
5/11/2023,Oxnard,other,34.283317421600003,-119.069025392000000
5/6/2023,Oxnard,other,34.173850439600002,-119.130784441000003
5/6/2023,Oxnard,other,34.254305597399998,-119.092995318000007
5/6/2023,Oxnard,other,34.150090829200003,-119.082727958000007
10/17/2023,Oxnard,other,34.199504566700000,-119.046121705000004
6/13/2022,Oxnard,other,34.181091246500003,-119.131795822000001
5/6/2023,Oxnard,other,34.150266891400001,-119.084516291000000
5/6/2023,Oxnard,other,34.173939894999997,-119.078604206999998
11/9/2023,Oxnard,other,34.134620454699999,-119.157323766000005
10/17/2023,Oxnard,other,34.207166111500001,-119.046681325999998
7/13/2021,Oxnard,other,34.141836331000000,-119.148437348000002
5/6/2023,Oxnard,other,34.202193470700003,-119.060255068999993
5/6/2023,Oxnard,other,34.259601704100000,-119.085568354000003
5/6/2023,Oxnard,other,34.174581074099997,-119.080690486999998
11/9/2023,Oxnard,other,34.135013061099997,-119.155570419000000
11/9/2023,Oxnard,other,34.129974627499998,-119.160305570999995
5/6/2023,Oxnard,other,34.151311071000002,-119.084529691000000
5/6/2023,Oxnard,other,34.256926218600000,-119.088206839999998
10/17/2023,Oxnard,other,34.202402156799998,-119.065864395000006
5/7/2023,Oxnard,other,34.225263148800003,-119.243803236999995
5/6/2023,Oxnard,other,34.174126643699999,-119.079158785000004
6/13/2022,Oxnard,other,34.182085649800001,-119.133353455999995
5/6/2023,Oxnard,other,34.151070560100003,-119.082792061000006
6/13/2022,Oxnard,other,34.181676555999999,-119.130429405000001
10/17/2023,Oxnard,other,34.199627392899998,-119.046454589999996
10/17/2023,Oxnard,other,34.204081103000000,-119.066242881999997
5/6/2023,Oxnard,other,34.259012216800002,-119.085848601999999
2/15/2020,Oxnard,other,34.228895308500000,-119.250156938000003
11/9/2023,Oxnard,other,34.130810801199999,-119.159379040000005
5/11/2023,Oxnard,other,34.283373635899999,-119.069562223999995
5/7/2023,Oxnard,other,34.225157733400003,-119.240836786000003
11/9/2023,Oxnard,other,34.130640346100002,-119.160079073000006
6/13/2022,Oxnard,other,34.181180095899997,-119.130980727999997
5/6/2023,Oxnard,other,34.257509500700003,-119.091402041999999
10/17/2023,Oxnard,other,34.202076927900002,-119.064703249999994
5/6/2023,Oxnard,other,34.202262507400000,-119.058627506999997
5/6/2023,Oxnard,other,34.258966477300000,-119.084751101999998
5/6/2023,Oxnard,other,34.257739186300000,-119.092069139000003
10/17/2023,Oxnard,other,34.205982364800001,-119.048014064000000
5/6/2023,Oxnard,other,34.202195357299999,-119.057499293000006
5/6/2023,Oxnard,other,34.254838290199999,-119.091841337000005
5/6/2023,Oxnard,other,34.201839477100002,-119.060714087999997
11/9/2023,Oxnard,other,34.131273767000003,-119.158994839000002
5/6/2023,Oxnard,other,34.202262034500002,-119.059788752000003
10/17/2023,Oxnard,other,34.204511007000001,-119.064413150999997
10/17/2023,Oxnard,other,34.199648502700001,-119.047003892000006
5/6/2023,Oxnard,other,34.260739442000002,-119.085612302000001
11/9/2023,Oxnard,other,34.127798041500000,-119.158496056000004
5/6/2023,Oxnard,other,34.253325046599997,-119.088663929000006
7/13/2021,Oxnard,other,34.142300502900000,-119.152268676000006
5/6/2023,Oxnard,other,34.174638688800002,-119.130079241999994
11/9/2023,Oxnard,other,34.128821337200002,-119.160361730999995
7/13/2021,Oxnard,other,34.141765736499998,-119.150694673999993
11/9/2023,Oxnard,other,34.134190380400000,-119.155045895000001
2/15/2020,Oxnard,other,34.228832046599997,-119.249531257000001
5/6/2023,Oxnard,other,34.254281087400003,-119.093333900999994
11/9/2023,Oxnard,other,34.128345579300003,-119.159305141000004
6/13/2022,Oxnard,other,34.186211915500003,-119.152833881000006
10/17/2023,Oxnard,other,34.204967166199999,-119.064529471000000
6/13/2022,Oxnard,other,34.183657336800003,-119.153470984999998
10/17/2023,Oxnard,other,34.199677115199997,-119.045908073000007
7/13/2021,Oxnard,other,34.142432298099997,-119.149024901999994
5/6/2023,Oxnard,other,34.149975126500003,-119.085786255000002
6/13/2022,Oxnard,other,34.186402432900003,-119.152102417999998
5/6/2023,Oxnard,other,34.253240738499997,-119.092723195999994
5/6/2023,Oxnard,other,34.256535607700002,-119.087315876999995
5/6/2023,Oxnard,other,34.260285863599997,-119.085134936000003
5/6/2023,Oxnard,other,34.149246890800001,-119.085984944000003
10/17/2023,Oxnard,other,34.202370740799999,-119.065121446000006
5/6/2023,Oxnard,other,34.254462771299998,-119.092567255999995
2/15/2020,Oxnard,other,34.229620512399997,-119.250648857000002
5/6/2023,Oxnard,other,34.150964419399997,-119.085557495000003
5/6/2023,Oxnard,other,34.257336396800000,-119.087391754999999
5/6/2023,Oxnard,other,34.173341390899999,-119.078864732000000
5/6/2023,Oxnard,other,34.253349679300001,-119.093050883999993
10/17/2023,Oxnard,other,34.203177780399997,-119.064163686000001
6/13/2022,Oxnard,other,34.186892490900000,-119.152488801999993
5/6/2023,Oxnard,other,34.256151084300001,-119.090594521000000
5/6/2023,Oxnard,other,34.257381384799999,-119.089538008999995
11/9/2023,Oxnard,other,34.133695600700001,-119.157274567000002
5/6/2023,Oxnard,other,34.174054044000002,-119.132199103000005
11/9/2023,Oxnard,other,34.134633851099998,-119.157033557999995
5/6/2023,Oxnard,other,34.254275432599997,-119.090900383999994
6/13/2022,Oxnard,other,34.185791380200001,-119.153195655999994
5/6/2023,Oxnard,other,34.256205571700001,-119.087969141000002
6/13/2022,Oxnard,other,34.183708685200003,-119.152960285000006
6/13/2022,Oxnard,other,34.185525767900003,-119.151711100000000
5/6/2023,Oxnard,other,34.256705375499998,-119.091159720999997
5/6/2023,Oxnard,other,34.255090303199999,-119.091263617999999
5/6/2023,Oxnard,other,34.256893324399996,-119.089250483000001
7/13/2021,Oxnard,other,34.142940439800000,-119.149124869000005
6/13/2022,Oxnard,other,34.180732795600001,-119.129641320999994
2/15/2020,Oxnard,other,34.229869270400002,-119.250127649000007
10/17/2023,Oxnard,other,34.206269844500000,-119.046259087999999
5/6/2023,Oxnard,other,34.174660219300002,-119.079200131999997
5/6/2023,Oxnard,other,34.260894683600000,-119.084033544999997
11/9/2023,Oxnard,other,34.127822242999997,-119.160290889999999
5/6/2023,Oxnard,other,34.258921836200003,-119.084273091000000
5/6/2023,Oxnard,other,34.254417600499998,-119.089855295999996
5/6/2023,Oxnard,other,34.174236349899999,-119.132595788000003
5/6/2023,Oxnard,other,34.173918940900002,-119.129003229999995
11/9/2023,Oxnard,other,34.133384868800000,-119.156109525999995
7/13/2021,Oxnard,other,34.142571166499998,-119.150444519000004
10/17/2023,Oxnard,other,34.206097704599998,-119.046729150999994
6/13/2022,Oxnard,other,34.185888783499998,-119.151794688999999
7/13/2021,Oxnard,other,34.141518789199999,-119.150914541999995
5/6/2023,Oxnard,other,34.151727137999998,-119.082784235000005
5/6/2023,Oxnard,other,34.148801870100002,-119.083654750999997
8/19/2019,Oxnard,other,34.275837548299997,-119.058750176000004
11/9/2023,Oxnard,other,34.131294713099997,-119.160278105000003
5/6/2023,Oxnard,other,34.255030367499998,-119.092716576000001
6/13/2022,Oxnard,other,34.188581237100003,-119.152188257999995
5/6/2023,Oxnard,other,34.150571040400003,-119.086117502999997
5/6/2023,Oxnard,other,34.151262332999998,-119.082354847999994
5/6/2023,Oxnard,other,34.255800342199997,-119.089640911999993
5/6/2023,Oxnard,other,34.151690326699999,-119.084084606999994
6/13/2022,Oxnard,other,34.186295025299998,-119.153528898999994
5/6/2023,Oxnard,other,34.174322122400000,-119.133162906999999
10/17/2023,Oxnard,other,34.199188696500002,-119.047015637000001
5/6/2023,Oxnard,other,34.174482703099997,-119.078954432000003
6/13/2022,Oxnard,other,34.180863999700001,-119.131573615999997
6/13/2022,Oxnard,other,34.181703624999997,-119.132226717999998
5/6/2023,Oxnard,other,34.259996024099998,-119.084457830000005
5/6/2023,Oxnard,other,34.173697132999997,-119.080397391999995
10/17/2023,Oxnard,other,34.202292262100002,-119.065561713999998
6/13/2022,Oxnard,other,34.187892829699997,-119.153524786999995
10/17/2023,Oxnard,other,34.204733666800003,-119.064696331999997
5/7/2023,Oxnard,other,34.225035934099999,-119.241105298999997
5/6/2023,Oxnard,other,34.258110217400002,-119.087752143000003
11/9/2023,Oxnard,other,34.134985792599998,-119.155165701000001
6/13/2022,Oxnard,other,34.181904146100003,-119.131680619999997
5/6/2023,Oxnard,other,34.258166725000002,-119.088897286000005
11/9/2023,Oxnard,other,34.135682425500001,-119.156976916999994
6/13/2022,Oxnard,other,34.180748748100001,-119.131085858999995
11/9/2023,Oxnard,other,34.135593534900003,-119.154449593999999
5/6/2023,Oxnard,other,34.172585559300003,-119.080424090999998
2/15/2020,Oxnard,other,34.229875794000002,-119.248429474999995
5/6/2023,Oxnard,other,34.254273081299999,-119.087376487000000
2/15/2020,Oxnard,other,34.229743403100002,-119.246583525000005
6/13/2022,Oxnard,other,34.183256316300003,-119.153488349000000
6/13/2022,Oxnard,other,34.183425793200001,-119.151807645000005
5/6/2023,Oxnard,other,34.149860986800000,-119.082373669000006
11/9/2023,Oxnard,other,34.129550781900001,-119.160279365999997
5/6/2023,Oxnard,other,34.254070462700000,-119.092299081999997
5/6/2023,Oxnard,other,34.256897858599999,-119.090290605999996
10/17/2023,Oxnard,other,34.199599418299997,-119.047270202000007
5/6/2023,Oxnard,other,34.173657009000003,-119.078749685999995
5/6/2023,Oxnard,other,34.256789980699999,-119.088626724999997
7/13/2021,Oxnard,other,34.142537132400001,-119.150166647999995
5/6/2023,Oxnard,other,34.257021829499998,-119.092811681000001
5/6/2023,Oxnard,other,34.254879430000003,-119.087590012999996
5/6/2023,Oxnard,other,34.255168934600000,-119.087620697000006
5/7/2023,Oxnard,other,34.225114998999999,-119.244864855000003
5/6/2023,Oxnard,other,34.173277206300000,-119.080637594999999
10/17/2023,Oxnard,other,34.203925090799999,-119.065709987999995
5/6/2023,Oxnard,other,34.253900226500001,-119.089410314000006
5/6/2023,Oxnard,other,34.202803316100002,-119.059006836999998
2/15/2020,Oxnard,other,34.229182927799997,-119.249367238999994
5/6/2023,Oxnard,other,34.150099976500002,-119.083381188000004
5/7/2023,Oxnard,other,34.225773467899998,-119.240944386999999
11/9/2023,Oxnard,other,34.133966520800001,-119.157069806999999
11/9/2023,Oxnard,other,34.134021976000000,-119.154470007000000
10/17/2023,Oxnard,other,34.206484786899999,-119.047776233999997
10/17/2023,Oxnard,other,34.204217993599997,-119.065750519000005
5/6/2023,Oxnard,other,34.256086538900000,-119.088441955999997
6/13/2022,Oxnard,other,34.181611327399999,-119.131398536999995
2/15/2020,Oxnard,other,34.228951507100000,-119.248588746999999
10/17/2023,Oxnard,other,34.203589472799997,-119.065808642999997
10/17/2023,Oxnard,other,34.206265409399997,-119.048018170000006
10/17/2023,Oxnard,other,34.207443324000003,-119.046249166999999
11/9/2023,Oxnard,other,34.130357766800003,-119.158239656000006
11/9/2023,Oxnard,other,34.127778145900002,-119.157843139999997
5/6/2023,Oxnard,other,34.172887048699998,-119.079296013000004
5/6/2023,Oxnard,other,34.255262402699998,-119.090384040000004
11/9/2023,Oxnard,other,34.135672023399998,-119.155457103000003
6/13/2022,Oxnard,other,34.180950158999998,-119.132499150000001
