CID,Latitude,Longitude
0,-119.132826785000006,34.241903025799999
0,-119.132344188999994,34.241910054800002
0,-119.105986349999995,34.151779679100002
0,-119.121026142000005,34.189095762999997
0,-119.119845729999994,34.240803076600002
0,-119.123493972999995,34.200465881299998
0,-119.120463552000004,34.189583158500000
0,-119.121775513000003,34.188900878900000
0,-119.119641826000006,34.188608583600001
0,-119.121106186000006,34.189415426899998
0,-119.122351432000002,34.198644193100002
0,-119.120955623000000,34.188360173900001
0,-119.119927340000004,34.189661968999999
0,-119.107506294000004,34.149147219600003
0,-119.122307957000004,34.188627760999999
0,-119.132698583999996,34.242170374499999
0,-119.120156140999995,34.189091006900000
0,-119.119915790999997,34.188630305399997
0,-119.122762464000004,34.188901471999998
0,-119.120377822999998,34.188319864500002
0,-119.119957427000003,34.188340653700003
0,-119.121346267999996,34.189136044900003
0,-119.122656765000002,34.188569911400002
0,-119.136339172999996,34.231039084599999
0,-119.123810444000000,34.200547412399999
0,-119.104125940000003,34.151074097100000
0,-119.123890813000003,34.189220818300001
0,-119.106320732000000,34.152087583799997
0,-119.132714360999998,34.239864652599998
0,-119.136206354999999,34.230612875500000
0,-119.121362237000000,34.188419654100002
0,-119.122038399000004,34.189103017400001
0,-119.135894800000003,34.231835275500003
0,-119.106693385000000,34.149304601499999
0,-119.122435905000003,34.189644650200002
0,-119.123452865000004,34.189658239800004
0,-119.121224119000004,34.200409003700003
0,-119.119436000999997,34.188807084700002
0,-119.123785579000000,34.188458223399998
0,-119.119978031000002,34.189379974500000
0,-119.122218067000006,34.200557180099999
0,-119.123173804999993,34.188676861899999
0,-119.122973544000004,34.189167194699998
0,-119.133310408000000,34.240178422299998
0,-119.123907209999999,34.189589070099998
0,-119.106824005000007,34.151811704700002
0,-119.121818224999998,34.198279752300003
0,-119.123602989999995,34.189302107800003
0,-119.121671332999995,34.188521538400003
0,-119.122000064999995,34.188302747599998
0,-119.107728875999996,34.151945570999999
0,-119.120497130999993,34.189166850800000
0,-119.123584903999998,34.188880622299997
0,-119.120361011000000,34.188781587100003
0,-119.108232615000006,34.151956059100002
0,-119.124033369000003,34.200369358600000
0,-119.131429441999998,34.241231766500000
0,-119.103830130999995,34.151295142000002
0,-119.123456786000006,34.188155246900003
0,-119.105977030000005,34.149098635800001
0,-119.122609455000003,34.198385942500003
0,-119.121672382000000,34.198515344699999
0,-119.136857929000001,34.231052064600000
0,-119.121281072000002,34.198637505599997
0,-119.121154105000002,34.241635098400003
0,-119.131999535000006,34.241668327100001
0,-119.106968335999994,34.149142538400000
0,-119.135646875999996,34.230510893700000
0,-119.121561244999995,34.189302074700002
0,-119.121375548000003,34.189625841000002
0,-119.121931563000004,34.241967887100003
0,-119.122575533000003,34.188058779099997
0,-119.134727968999997,34.231140204399999
0,-119.122670498000005,34.200336687899998
0,-119.135147067999995,34.231257342200003
0,-119.121831576999995,34.189664462800003
0,-119.122041628999995,34.198533212900003
0,-119.122278269999995,34.198318565400001
0,-119.106921038999999,34.152116627300003
0,-119.104413321999999,34.150994940099999
0,-119.121359526000006,34.188856769499999
0,-119.120289108999998,34.240786156600002
0,-119.123101790999996,34.189413126300003
0,-119.120673029000002,34.241284372199999
0,-119.123192231999994,34.188361136600001
0,-119.121520867000001,34.200242636399999
0,-119.121695493000004,34.200521619800000
0,-119.121026424999997,34.241285912899997
0,-119.120725136999994,34.188179166700003
0,-119.137239934999997,34.231378165300001
0,-119.120911230999994,34.189603575400000
0,-119.124060518999997,34.188914414199999
0,-119.122638871000007,34.189263344300002
0,-119.122305656999998,34.189303082000002
0,-119.131034231000001,34.241066824299999
0,-119.135559177999994,34.231540172700001
0,-119.121875735000003,34.200301891800002
0,-119.121923093000007,34.189366361700003
0,-119.135939657999998,34.230453029600000
0,-119.122486452000004,34.188942988199997
0,-119.136459344000002,34.232407043000002
0,-119.122330620000000,34.188351622799999
0,-119.119915362000000,34.188962933299997
0,-119.122945888999993,34.188484573099998
0,-119.120729638000000,34.188990309499999
0,-119.136485844999996,34.230658349999999
0,-119.107159023999998,34.151863185899998
0,-119.121502781000004,34.241638375900003
0,-119.122840237000005,34.188222031099997
0,-119.106277937000002,34.149235612900000
0,-119.130570954000007,34.240527372499997
0,-119.104480228000000,34.151303360599996
0,-119.104780980000001,34.150983224999997
0,-119.136297420000005,34.232071349599998
0,-119.106578280999997,34.151928499599997
0,-119.131868087000001,34.241402620499997
0,-119.119430746000006,34.188256573799997
0,-119.136578084999996,34.232141947000002
0,-119.123312975000005,34.188951223700002
0,-119.135278061999998,34.231558813200003
0,-119.119542053000004,34.189668081500002
0,-119.123997845999995,34.188156657500002
1,-119.143535755000002,34.193702426900003
1,-119.153508056000007,34.192199356400003
1,-119.143133976000001,34.194357722399999
1,-119.145524264000002,34.194688843999998
1,-119.111351912999993,34.173163173299997
1,-119.116546678999995,34.162567903199999
1,-119.116056240000006,34.163967609799997
1,-119.111637056000006,34.169842647300001
1,-119.101356428000003,34.173696823199997
1,-119.130038419000002,34.191458664300001
1,-119.142847107999998,34.194396750199999
1,-119.156978742000007,34.195601561300002
1,-119.126058839999999,34.190467957499997
1,-119.116702008000004,34.164928642299998
1,-119.139362215999995,34.193413412300004
1,-119.116009962000007,34.163695521599998
1,-119.126925134000004,34.189121682500001
1,-119.115502309999997,34.164178393800000
1,-119.110117958999993,34.173546678100003
1,-119.127228004000003,34.189324099099998
1,-119.145907614999999,34.192558103200000
1,-119.110964855999995,34.171424033599997
1,-119.143446784999995,34.192185815499997
1,-119.110573001999995,34.174112864000001
1,-119.111186318999998,34.174452138299998
1,-119.140968431999994,34.193305236199997
1,-119.110279410999993,34.171432246599998
1,-119.140284730000005,34.193791888000000
1,-119.136729842999998,34.184067782299998
1,-119.115805535999996,34.162902888700003
1,-119.139265460999994,34.193745957899999
1,-119.143694353000001,34.191801884599997
1,-119.117278111999994,34.165241903300000
1,-119.144459847999997,34.192480638299998
1,-119.128431206000002,34.190128835400003
1,-119.111849716999998,34.174259087499998
1,-119.115530777999993,34.164455895499998
1,-119.153150011999998,34.192237856900000
1,-119.157494202999999,34.195718329000002
1,-119.141595625999997,34.193636218100004
1,-119.111313331000005,34.172787616599997
1,-119.111546024999996,34.170278277500003
1,-119.127892802999995,34.190250243000001
1,-119.110181898999997,34.171828042500003
1,-119.144360375000005,34.193004094099997
1,-119.111579797000005,34.172955928400000
1,-119.124002121000004,34.185241562100003
1,-119.115887627000006,34.164974223000002
1,-119.117134926999995,34.162760408700002
1,-119.144016420000000,34.194422898100001
1,-119.110865516000004,34.170540054000000
1,-119.152977301000007,34.192531116700003
1,-119.127612366999998,34.161048592299998
1,-119.144610537000005,34.193437958499999
1,-119.146230982000006,34.193743405799999
1,-119.146542822000001,34.192175165000002
1,-119.146750079000000,34.194257613200001
1,-119.144978537000000,34.192111666899997
1,-119.152519678999994,34.192182683699997
1,-119.139961154000005,34.193413976899997
1,-119.145272761000001,34.192106309499998
1,-119.110249431000000,34.172344598899997
1,-119.116820892999996,34.165220937000001
1,-119.146992084000004,34.194759950200002
1,-119.111505862000001,34.173770993200002
1,-119.143860070000002,34.193007989500003
1,-119.111552238000002,34.170798275999999
1,-119.116107228000004,34.164521018700000
1,-119.110224658000007,34.174475693399998
1,-119.126457271000007,34.190329252200002
1,-119.144288347000000,34.193401536000003
1,-119.116133017999999,34.163416850700003
1,-119.116681517999993,34.163660906300002
1,-119.111313339999995,34.173466656700000
1,-119.158287647999998,34.195469863400000
1,-119.145488384999993,34.194964303799999
1,-119.100386255000004,34.173647240299999
1,-119.145928044000001,34.194934687800000
1,-119.158625999999998,34.195511872499999
1,-119.145659065000004,34.191893306300003
1,-119.151980993999999,34.192408557900002
1,-119.117334775000003,34.164071043900002
1,-119.111426480999995,34.172102764599998
1,-119.110331404999997,34.175052510199997
1,-119.143178904999999,34.193095346600003
1,-119.110656716999998,34.171475312900000
1,-119.111041376000003,34.172485637699999
1,-119.143045602000001,34.193372454699997
1,-119.115569930999996,34.165083083200003
1,-119.111320683000002,34.170001052800004
1,-119.110434276000007,34.173704515200001
1,-119.111049070999997,34.170173309699997
1,-119.129628554000007,34.191135076800002
1,-119.145749916000000,34.193617025300000
1,-119.146922273000001,34.191832534900001
1,-119.145402406000002,34.194251521299996
1,-119.127569823000002,34.160162285600002
1,-119.116757070000006,34.162830377399999
1,-119.110693487000006,34.172007748900000
1,-119.138601918000006,34.193705575800003
1,-119.156563915999996,34.195735325100003
1,-119.110379308000006,34.170052694799999
1,-119.144395470999996,34.193759788599998
1,-119.150299089000001,34.183936985700001
1,-119.143319797000004,34.192496761999998
1,-119.111941869000006,34.172388891399997
1,-119.145277199000006,34.194552207699999
1,-119.115670627000000,34.163790918300002
1,-119.145293667000004,34.193407778400001
1,-119.110931093999994,34.174354360000002
1,-119.142855354000005,34.194719368999998
1,-119.127435524999996,34.159583486800003
1,-119.110719477000004,34.173195993299998
1,-119.126654665000004,34.160168920399997
1,-119.100183830000006,34.173880342099999
1,-119.116363579999998,34.164700290900001
1,-119.111272253999999,34.171869616400002
1,-119.139872944000004,34.193726951800002
1,-119.110129721000007,34.174007838800001
1,-119.126904041000003,34.159922323000004
1,-119.111669121000006,34.174635393700001
1,-119.115458735000004,34.163200550699997
1,-119.126640008999999,34.159702631400002
1,-119.144861288000001,34.194362642400002
1,-119.111023285000002,34.169885945799997
1,-119.126477718999993,34.161072693599998
1,-119.138825744000002,34.193327060400001
1,-119.116875242000006,34.163079544200002
1,-119.111989995000002,34.173187425899997
1,-119.146373304999997,34.191797873699997
1,-119.117217920000002,34.163440048600002
1,-119.116365009999996,34.163009948099997
1,-119.146427146999997,34.193513920500003
1,-119.143082605000004,34.192216758000001
1,-119.127538048999995,34.160736247099997
1,-119.144327793000002,34.194386023500002
1,-119.144302327999995,34.191926428700000
1,-119.115700008000005,34.162644454099997
1,-119.116571480000005,34.164106986999997
1,-119.112036290000006,34.174028182599997
1,-119.111838086999995,34.175046513200002
1,-119.129726246999994,34.191509002399997
1,-119.145761723999996,34.193107949000002
1,-119.146934014999999,34.193167440300002
1,-119.145446273999994,34.192543878199999
1,-119.143090409999999,34.194923698300002
1,-119.111234132999996,34.173763774100003
1,-119.110819875000004,34.173767210100003
1,-119.127122438000001,34.160547305000001
1,-119.111409179000006,34.174812808100000
1,-119.153838371000006,34.192254143699998
1,-119.112012503000003,34.172817328800001
1,-119.152638440999993,34.192457335299999
1,-119.140825578000005,34.193791964799999
1,-119.144494901000002,34.194672750700001
1,-119.099891592999995,34.173865528400000
1,-119.146244203999998,34.194695758800002
1,-119.146018604999995,34.194362849500003
1,-119.127016896000001,34.160916166500002
1,-119.111716525999995,34.172124974699997
1,-119.111962239999997,34.169793084600002
1,-119.125967489000004,34.189149954400001
1,-119.130534057000006,34.191634445500000
1,-119.111637943000005,34.171156899600000
1,-119.110844357000005,34.175043085699997
1,-119.146450854999998,34.194375437500000
1,-119.110381631999999,34.170513194599998
1,-119.100964856999994,34.173650228699998
1,-119.130494362999997,34.191321333200001
1,-119.140297785000001,34.193368179099998
1,-119.116691912999997,34.164409368199998
1,-119.126907743000004,34.190203120100001
1,-119.099580023000001,34.173654379600002
1,-119.128346123000000,34.190525225300000
1,-119.110773092000002,34.172786978200001
1,-119.124038123999995,34.185529738000000
1,-119.144006446000006,34.192156794100001
1,-119.117157535000004,34.164821229300003
1,-119.152153204000001,34.192162294699997
1,-119.136726643000003,34.183663406999997
1,-119.111993202999997,34.170494849599997
1,-119.101645516000005,34.173883728699998
1,-119.101757552999999,34.173546921899998
1,-119.127545408000003,34.189295127599998
1,-119.117373568999994,34.163188480000002
1,-119.127804565000005,34.188918266100004
1,-119.127640384000003,34.190468606499998
1,-119.127740379000002,34.189937151400002
1,-119.143837219000005,34.193373342999998
1,-119.141173862000002,34.193554264100001
1,-119.135801924999996,34.183944087299999
1,-119.143137988999996,34.193667772200001
1,-119.111524846999998,34.172596354000000
1,-119.129894093999994,34.191192893299998
1,-119.144880944999997,34.193464583599997
1,-119.145164507999993,34.194850521200003
1,-119.116897731999998,34.163391899399997
1,-119.136102803000000,34.183819415700000
1,-119.140556232999998,34.193597528900000
1,-119.127250934000003,34.160167345399998
1,-119.110297517000006,34.172681978000000
1,-119.110397262000006,34.172942982899997
1,-119.117110091000001,34.164240077199999
1,-119.112019028999995,34.174757355499999
1,-119.146004292000001,34.191832970000000
1,-119.111225478999998,34.171329042700002
1,-119.116196815999999,34.162543246900000
1,-119.138259989000005,34.193768966500002
1,-119.153696737999994,34.192547280900001
1,-119.127322441000004,34.159867794400000
1,-119.143301668999996,34.194664956499999
1,-119.126319374999994,34.188957031000001
1,-119.126582812999999,34.188833991899997
1,-119.127426142000004,34.189991712800001
1,-119.116473481000000,34.163351706599997
1,-119.143772897000005,34.192537611500001
1,-119.110835676999997,34.171730655200001
1,-119.146914769999995,34.192450613100000
1,-119.130226539000006,34.191701786599999
1,-119.146447737000003,34.193201029299999
1,-119.126705490999996,34.160714823600003
1,-119.144623304999996,34.191911031700002
1,-119.144866867999994,34.194945755399999
1,-119.157885563999997,34.195503084599999
1,-119.146189997999997,34.192456444999998
1,-119.152840441999999,34.192126630099999
1,-119.135359973999996,34.183668251100002
1,-119.115806524000007,34.164582942700001
1,-119.146170803000004,34.193302730799999
1,-119.127511798000000,34.188999561099997
1,-119.111224500000006,34.171035037000003
1,-119.100714491999994,34.173929615299997
1,-119.144887572000002,34.193736223000002
1,-119.110969581000006,34.174700937300003
1,-119.111143923000000,34.170631872500003
1,-119.143514666000002,34.194874140000003
1,-119.145692791000002,34.194432816700001
1,-119.110930104999994,34.172167857200002
1,-119.146907939000002,34.193461672600002
1,-119.117027695999994,34.163689690799998
1,-119.145101221000004,34.193145610300000
1,-119.111940163000000,34.171556639999999
1,-119.138461359999994,34.193368832499999
1,-119.100034167999993,34.173480462100002
1,-119.127916085999999,34.190519424300000
1,-119.111198044000005,34.175004044399998
1,-119.110188973999996,34.170709721100003
1,-119.143797402999994,34.194631732300003
1,-119.116456025000005,34.163860386899998
1,-119.126599486999993,34.189188320800000
1,-119.127338796999993,34.161104981999998
1,-119.156741531999998,34.195460318199999
1,-119.147060589999995,34.194301208500001
1,-119.100741834000004,34.173463342399998
1,-119.157353490999995,34.195456870599998
1,-119.144804148000006,34.192986879199999
1,-119.116314928999998,34.164973305899998
1,-119.146193686000004,34.192962676400001
1,-119.136971523000000,34.183925448300002
1,-119.110349267999993,34.170995098799999
1,-119.143516800000000,34.193206394800001
1,-119.101201587000006,34.174012979799997
1,-119.111941497999993,34.170100242899998
1,-119.111949936000002,34.170933355999999
1,-119.126613070999994,34.190019084299998
1,-119.128161993000006,34.190197195200000
1,-119.143898261999993,34.194893213500002
1,-119.145185303000005,34.193703599599999
1,-119.110626843000006,34.169839516200000
1,-119.143424697000000,34.194304000899997
1,-119.154076779999997,34.192421089900002
1,-119.138894153999999,34.193734243999998
1,-119.126508637000001,34.160427014200003
1,-119.150549960000006,34.184202446000000
1,-119.110683420000001,34.170860933299998
1,-119.110636142000004,34.170197323300002
1,-119.144772988000000,34.192588616000002
1,-119.128161512999995,34.189176109899996
1,-119.117403749000005,34.162787965600003
1,-119.126270894000001,34.189269182499999
1,-119.110719931999995,34.171130333599997
1,-119.110636588000006,34.174837961700000
1,-119.111308183999995,34.174182503300003
1,-119.126161504999999,34.190214793000003
1,-119.111930259999994,34.173559118999997
1,-119.153322820000000,34.192445887700003
1,-119.146832001000007,34.192156314099996
1,-119.143028942000001,34.192509527699997
1,-119.144300306999995,34.194931400900003
1,-119.110185532000003,34.174775350399997
1,-119.116782266000001,34.163923920599998
1,-119.116973539000000,34.164547881200001
1,-119.110256331000002,34.173276152100001
1,-119.111643555000001,34.173506404299999
1,-119.127244226000002,34.189041991200000
1,-119.099622772000004,34.173973358900000
1,-119.146220474000003,34.192056499600000
1,-119.115527275000005,34.162894150699998
1,-119.146626022000007,34.192994022299999
1,-119.111890876000004,34.171902175299998
1,-119.127271105999995,34.190359856000001
1,-119.147174974999999,34.194972890000003
2,-119.127821337000000,34.180756728100000
2,-119.083856002999994,34.150682385000003
2,-119.091795470999998,34.255908061000000
2,-119.091927781999999,34.254399434500002
2,-119.152174024000004,34.188350611700002
2,-119.064773724000005,34.204571504599997
2,-119.128745938999998,34.181471733300000
2,-119.147927705000001,34.142301737499999
2,-119.047318699000002,34.199525884000003
2,-119.157097222999994,34.135478692400000
2,-119.158832297000004,34.128555793499999
2,-119.150686641999997,34.142663868900001
2,-119.084109502000004,34.149149791200003
2,-119.152807609000007,34.186592496999999
2,-119.084259825999993,34.151372010099998
2,-119.080141607000002,34.173810543099997
2,-119.158584867000002,34.128860810399999
2,-119.059062394999998,34.202584310600002
2,-119.083698451000004,34.149464522499997
2,-119.151842192000004,34.185784274200003
2,-119.083894452999999,34.151531230400003
2,-119.148073805999999,34.142884180899998
2,-119.158456813000001,34.128301203100001
2,-119.083998183999995,34.150111207800002
2,-119.156929736999999,34.133887568399999
2,-119.047626832999995,34.206944965300004
2,-119.079427013000000,34.173523397099999
2,-119.085940158000000,34.151556009899998
2,-119.158134110000006,34.129602879399997
2,-119.088463559000004,34.254130823600001
2,-119.064582810000005,34.202720420399999
2,-119.084826277999994,34.260864906400002
2,-119.131440929999997,34.173782539400001
2,-119.152741746000004,34.183853663999997
2,-119.159440633000003,34.129147127200000
2,-119.132023844000003,34.181042342500000
2,-119.151952023000007,34.142581658300003
2,-119.089008409000002,34.258017630099999
2,-119.058399897000001,34.276038194900003
2,-119.090872939999997,34.254471920699999
2,-119.241214502000005,34.225331507400000
2,-119.085198657999996,34.260668661499999
2,-119.059196920000005,34.201759479099998
2,-119.069485771000004,34.283852376200002
2,-119.249414156000000,34.229627729500002
2,-119.084768156999999,34.260227493599999
2,-119.089039294000003,34.256519802800000
2,-119.087428055000004,34.255596257699999
2,-119.080278265999993,34.172866638199999
2,-119.091156957999999,34.255097679099997
2,-119.087898917000004,34.254685233399996
2,-119.243498982999995,34.225343452600001
2,-119.045384333000001,34.199116365999998
2,-119.085248605000004,34.149652652999997
2,-119.088500506000003,34.257050501400002
2,-119.152636410000000,34.185730773300001
2,-119.064576793000001,34.201629178200001
2,-119.244464687000004,34.225714689999997
2,-119.160031172000004,34.130278175299999
2,-119.159252085999995,34.128578753600003
2,-119.060634569000001,34.202756881900001
2,-119.079870404999994,34.173014909000003
2,-119.131651982999998,34.181286975200003
2,-119.079068469999996,34.173272447300000
2,-119.089725901999998,34.254682282399997
2,-119.131662173999999,34.181777089500002
2,-119.085170825999995,34.259892865799998
2,-119.046855105999995,34.200544493999999
2,-119.084574339000000,34.259140663099998
2,-119.090158431000006,34.254223585799998
2,-119.153378165000007,34.184939974400002
2,-119.087594265000007,34.253728155099999
2,-119.153282191000002,34.185950333999997
2,-119.059588618999996,34.201645250900000
2,-119.154937648000001,34.134201243800000
2,-119.158804982999996,34.127974905599999
2,-119.152577883000006,34.182970796600003
2,-119.090884818999996,34.253613371299998
2,-119.092882824000000,34.253565557700000
2,-119.153235203999998,34.183899848400003
2,-119.153233184000001,34.188235076500000
2,-119.057502744999994,34.201722085100002
2,-119.090718057000004,34.258154732000001
2,-119.157851585000003,34.129083613100001
2,-119.058081021999996,34.275485242700000
2,-119.130006202999994,34.181868092199998
2,-119.131251207999995,34.174844829999998
2,-119.151956552000001,34.182859875299997
2,-119.128450537000006,34.181162892099998
2,-119.159000524000007,34.130187424500001
2,-119.088292972000005,34.254694089499999
2,-119.159789818999997,34.130711706100001
2,-119.088164411999998,34.253337316800000
2,-119.060375692999997,34.202539064500002
2,-119.152933888000007,34.187347598000002
2,-119.132549155000007,34.174118565100002
2,-119.085017612000001,34.258939121899999
2,-119.242831918999997,34.225124015399999
2,-119.151151064999993,34.142994898600001
2,-119.059778453999996,34.202121499800000
2,-119.152870405000002,34.187741143300002
2,-119.078398007000004,34.174220130300000
2,-119.243076024000004,34.225381468899997
2,-119.248623182000003,34.229636029700004
2,-119.084452228999993,34.259557600299999
2,-119.129449194000003,34.173939187999999
2,-119.091145874000006,34.257418216399998
2,-119.078534993999995,34.174985983900001
2,-119.088447797000001,34.253428642899998
2,-119.148321202999995,34.141330767900001
2,-119.132990281999994,34.174673738499997
2,-119.157959814999998,34.131096682699997
2,-119.092990039000000,34.255394090800003
2,-119.085285705999993,34.148882932600003
2,-119.084342860000007,34.149505757199996
2,-119.149727440000007,34.141065241299998
2,-119.246769380999993,34.229684317900002
2,-119.085582338999998,34.150868345799999
2,-119.150374205999995,34.142209327000003
2,-119.152407848999999,34.185990699599998
2,-119.079815761000006,34.175330399000003
2,-119.085535827000001,34.149395155299999
2,-119.092504204999997,34.254149184500001
2,-119.130740021999998,34.181558114200001
2,-119.241476634999998,34.225178132499998
2,-119.089061147999999,34.255768398599997
2,-119.154505564000004,34.134232584199999
2,-119.057980643999997,34.275987251300002
2,-119.083715450000000,34.149928993400003
2,-119.090413390999998,34.253406193499998
2,-119.153520721000007,34.183418339500001
2,-119.160094696000002,34.128165734000000
2,-119.151728124000002,34.188521453500002
2,-119.046236097999994,34.199069532000003
2,-119.159812733999999,34.129117221999998
2,-119.047846715999995,34.206649721799998
2,-119.248601160999996,34.229326966400002
2,-119.047143046000002,34.207604458399999
2,-119.152764286999997,34.187097547999997
2,-119.047004474000005,34.199304562199998
2,-119.151838308999999,34.186681149300000
2,-119.151812324000005,34.187891124700002
2,-119.152930639999994,34.184249428699999
2,-119.152110422999996,34.186338445300002
2,-119.157958934999996,34.128320738299998
2,-119.151872564000001,34.183258158000001
2,-119.058148364999994,34.201582430599998
2,-119.088740130000005,34.255646431599999
2,-119.092727111000002,34.257580432799998
2,-119.089778726999995,34.256877842800002
2,-119.092333433999997,34.256829442200001
2,-119.083466233999999,34.149766087700002
2,-119.151855812999997,34.184747918200003
2,-119.132072038999993,34.174395281800003
2,-119.152097306000002,34.186013950899998
2,-119.148422941999996,34.142079196499999
2,-119.153030943999994,34.182923288500000
2,-119.085580430999997,34.151692067299997
2,-119.132524407000005,34.181784710400002
2,-119.092681260999996,34.256979684800001
2,-119.060208493999994,34.201469339200003
2,-119.064897135999999,34.203194540699997
2,-119.159318630000001,34.128104361200002
2,-119.153531674999996,34.183688841600002
2,-119.090009565000003,34.258099032300002
2,-119.083585622000001,34.150924741300003
2,-119.093111667000002,34.256330662700002
2,-119.148441876000007,34.142652256300003
2,-119.156247092000001,34.134894460399998
2,-119.079756721999999,34.172646568200001
2,-119.064296878999997,34.202844623499999
2,-119.157217884999994,34.134069624600002
2,-119.129909933999997,34.174664112899997
2,-119.092346187000004,34.255303382000001
2,-119.091869688000003,34.257577923400000
2,-119.080508465999998,34.173550192800001
2,-119.082640756999993,34.150625308400002
2,-119.156453149000001,34.134478004999998
2,-119.132822137999995,34.173813056500002
2,-119.159017348999996,34.129221666900001
2,-119.157363723000003,34.133548567500000
2,-119.087904496999997,34.257716109999997
2,-119.057948694999993,34.275149401000000
2,-119.092496982000000,34.257416086299997
2,-119.046355222000003,34.207071436400000
2,-119.246880988000001,34.229104550300001
2,-119.129310459999999,34.182078858300002
2,-119.151536254999996,34.142190122499997
2,-119.155306869000000,34.135626837700002
2,-119.150764408000001,34.141192515000000
2,-119.088905592000003,34.253513558300000
2,-119.243941774999996,34.225396549899997
2,-119.090954771000000,34.256708080099997
2,-119.084472672999993,34.150016656100000
2,-119.149931304000006,34.142060068600003
2,-119.087554992999998,34.256505796399999
2,-119.131654018000006,34.174223730000001
2,-119.085851138999999,34.260513424000003
2,-119.156518792000000,34.135525076699999
2,-119.155760846000007,34.134256675300001
2,-119.241970402999996,34.225338663700001
2,-119.085994052999993,34.150569448299997
2,-119.153076012000000,34.187927764199998
2,-119.046114699000000,34.199348668699997
2,-119.059343311999996,34.202101289100000
2,-119.085281628999994,34.151032679700002
2,-119.157151743000000,34.134921686100000
2,-119.064924629000004,34.205005418399999
2,-119.088471268999996,34.253760255800003
2,-119.158425209000001,34.129884324099997
2,-119.078851318000005,34.174487832399997
2,-119.150145342000002,34.140916350500000
2,-119.090221295999996,34.256051267099998
2,-119.247628629999994,34.229104283900000
2,-119.132719330000000,34.174487266299998
2,-119.092982477000007,34.253986130599998
2,-119.088584537000003,34.256323118899999
2,-119.158997718999998,34.130986266699999
2,-119.091182994999997,34.254057975999999
2,-119.151750328999995,34.140941715899999
2,-119.089271186999994,34.255433541000002
2,-119.083164152999998,34.150559065099998
2,-119.148823528999998,34.141323262800000
2,-119.047813070999993,34.206018162299998
2,-119.152027008000005,34.142956663699998
2,-119.085866921000004,34.149479530100002
2,-119.150725534000003,34.141972789000000
2,-119.132439446999996,34.174717092300000
2,-119.132531698999998,34.181180716500002
2,-119.152054204999999,34.183906210499998
2,-119.149400460999999,34.141319790399997
2,-119.127823655000000,34.182045210900000
2,-119.155527036999999,34.133889006899999
2,-119.153344353999998,34.188498543300000
2,-119.156765250999996,34.134654083900003
2,-119.085722043999994,34.150127252799997
2,-119.092905518999999,34.258037163799997
2,-119.156672581999999,34.134286351100002
2,-119.151467863999997,34.141459097000002
2,-119.150984088000001,34.142502942299998
2,-119.058904615000003,34.201728275699999
2,-119.249084811000003,34.229338991900001
2,-119.079255747000005,34.173005321700003
2,-119.158726557999998,34.129416939899997
2,-119.153148978999994,34.183234209100000
2,-119.082637762000004,34.148948093199998
2,-119.250253866999998,34.229570345399999
2,-119.153434376999996,34.185719412399997
2,-119.069597662999996,34.283176998300000
2,-119.158958757999997,34.130549266899997
2,-119.130369705999996,34.181601992399997
2,-119.058246679000007,34.202466444300001
2,-119.155751899999998,34.134923413400003
2,-119.047267160999994,34.206099056299998
2,-119.090229941000004,34.257825450699997
2,-119.047423792000004,34.200566559000002
2,-119.078594272000004,34.173418958900001
2,-119.160133150999997,34.128524004699997
2,-119.160369207000002,34.129492798400001
2,-119.058297542999995,34.202165384899999
2,-119.082702105999999,34.151202177199998
2,-119.085886283999997,34.259243845900002
2,-119.046243103999998,34.206560359699999
2,-119.131515389000000,34.182073948700001
2,-119.084630497999996,34.149202176099998
2,-119.151826847999999,34.185407725499999
2,-119.129314774999997,34.181717732999999
2,-119.132768424000005,34.181916466899999
2,-119.088730190000007,34.253920843700001
2,-119.150158623999999,34.143004546699999
2,-119.064661682999997,34.203513190400002
2,-119.085614934000006,34.149691162300002
2,-119.147687665999996,34.142966899199997
2,-119.151439250999999,34.140960828300003
2,-119.130619584000002,34.180754431799997
2,-119.159990453000006,34.128777004600003
2,-119.064186880999998,34.203343448799998
2,-119.149564033000004,34.142700914300001
2,-119.084102138999995,34.260219132499998
2,-119.080594989000005,34.174406980100002
2,-119.160080827000002,34.129403342300002
2,-119.079466547999999,34.173885051399999
2,-119.090352535999997,34.257469618800002
2,-119.093263519999994,34.255710305000001
2,-119.092391508999995,34.256262541799998
2,-119.129965416000005,34.173790014900000
2,-119.065389177000000,34.202007139400003
2,-119.152274910000003,34.141407317400002
2,-119.083288921000005,34.151649934399998
2,-119.152160312000007,34.186629099400001
2,-119.085592251999998,34.260167894200002
2,-119.089033655999998,34.254401058699997
2,-119.247201820000001,34.228999502999997
2,-119.080544266999993,34.172944542700002
2,-119.131184801000003,34.182089771800001
2,-119.128224729999999,34.180920791299997
2,-119.065092668999995,34.202031278000000
2,-119.091265512999996,34.257702435799999
2,-119.090977331000005,34.256311060100003
2,-119.090238131999996,34.255589207299998
2,-119.153140597999993,34.185248619900001
2,-119.151443432999997,34.142770702299998
2,-119.091279044999993,34.253336726400001
2,-119.249154890000000,34.229853079000002
2,-119.088872839999993,34.257729234999999
2,-119.153194385000006,34.184669042300001
2,-119.242565193000004,34.225038968600003
2,-119.065380962999996,34.201565671899999
2,-119.152876403999997,34.183437760099999
2,-119.154469774999995,34.134511982399999
2,-119.090773935000001,34.253929261899998
2,-119.090485164000000,34.253789857699999
2,-119.085082440999997,34.261079592999998
2,-119.156228166999995,34.133966065999999
2,-119.153108071999995,34.185679641299998
2,-119.089440339000006,34.253943773300001
2,-119.047282374000005,34.200110423399998
2,-119.064596331000004,34.203783264599998
2,-119.047987504000005,34.207635328199999
2,-119.133169619000000,34.181333355600003
2,-119.130151686000005,34.174844766500001
2,-119.158352230999995,34.128035982699998
2,-119.130465667999999,34.174482640800001
2,-119.086107898999998,34.150178066000002
2,-119.045694585999996,34.200047978699999
2,-119.065923874000006,34.203398557900002
2,-119.084040594000001,34.148762127099999
2,-119.090035727000000,34.256493965499999
2,-119.088336828999999,34.255720911700003
2,-119.089733917000004,34.253836257800003
2,-119.080308423999995,34.174212662800002
2,-119.058573608000003,34.275679975199999
2,-119.079142009999998,34.175314157099997
2,-119.064127950000000,34.202189652800001
2,-119.158107375000000,34.127808889999997
2,-119.080622649000006,34.173807966799998
2,-119.084321140000000,34.260791832199999
2,-119.093300807999995,34.256621443299998
2,-119.151876270000002,34.183528131300001
2,-119.084288333000003,34.150790879799999
2,-119.083834295000003,34.151144052399999
2,-119.082980202000002,34.151653967999998
2,-119.129207283000000,34.181071877400001
2,-119.089685197999998,34.256458038600002
2,-119.249084980000006,34.228836569400002
2,-119.152691090999994,34.188347911699999
2,-119.046625458999998,34.199523208300000
2,-119.080100389999998,34.174479833100001
2,-119.046610103000006,34.206149353299999
2,-119.159281429000004,34.130745699199998
2,-119.069664810999996,34.284163135299998
2,-119.045512087000006,34.199481796199997
2,-119.089909151000001,34.255617109500001
2,-119.087662371999997,34.257436025499999
2,-119.091983232000004,34.255116159899998
2,-119.083151985000001,34.149061282399998
2,-119.242857317000002,34.225591543000000
2,-119.090824014999995,34.255796811600000
2,-119.087983159000004,34.257036649299998
2,-119.085507019000005,34.259581663299997
2,-119.064131173000007,34.204521001499998
2,-119.087938491000003,34.253670588900000
2,-119.065747755000004,34.202177551699997
2,-119.066083313999997,34.204623841800000
2,-119.158863409999995,34.129742901199997
2,-119.130831568999994,34.181841816800002
2,-119.085771528999999,34.259882747799999
2,-119.085342510999993,34.150119713700001
2,-119.079995500999999,34.173533227599997
2,-119.154492052999998,34.135001200500000
2,-119.088056307000002,34.254416805399998
2,-119.046872639000000,34.206373838600001
2,-119.157081747999996,34.133618804599998
2,-119.059972310000006,34.202582499999998
2,-119.130722440000000,34.173785707900002
2,-119.084506794999996,34.150535588899999
2,-119.058846548000005,34.275725688500003
2,-119.158232306000002,34.128562736299997
2,-119.088581519000002,34.257623593700004
2,-119.083991076000004,34.149601103499997
2,-119.065868015000007,34.205160360500003
2,-119.082986308000002,34.149706295999998
2,-119.058018341999997,34.201829884299997
2,-119.086165703000006,34.148907829800002
2,-119.090626537000006,34.256120549000002
2,-119.059846600000000,34.201517021500003
2,-119.064105647999995,34.202519749300002
2,-119.087474025999995,34.254544827899998
2,-119.246655059000005,34.228852250400003
2,-119.089321618000000,34.257724598300001
2,-119.088604730000000,34.255983446400002
2,-119.089685048999996,34.254152187800003
2,-119.154580631000002,34.133515776300001
2,-119.152809204999997,34.184914726999999
2,-119.158055504000004,34.129901008300003
2,-119.154784578000005,34.135327863699999
2,-119.157736744000005,34.127958660600001
2,-119.084942616999996,34.149242236699997
2,-119.082548012999993,34.149712982899999
2,-119.148932731000002,34.142241481799999
2,-119.159366942000005,34.131184417699998
2,-119.066261835000006,34.202615242800000
2,-119.149356830000002,34.142087781100003
2,-119.091975052999999,34.254671579399997
2,-119.083819132000002,34.149042452000003
2,-119.090641589000001,34.257844681100003
2,-119.133148958000007,34.174072277999997
2,-119.157736232000005,34.129487842499998
2,-119.088799077999994,34.254773674299997
2,-119.084668707000006,34.260529932200001
2,-119.065341434999993,34.202721750700000
2,-119.065361484999997,34.203918657099997
2,-119.155179911000005,34.134358553900000
2,-119.152646645999994,34.187440507900000
2,-119.066155909000003,34.202355099099996
2,-119.157397183000000,34.135410081000003
2,-119.130960243999994,34.181136682300000
2,-119.248326354000000,34.228909745000003
2,-119.128949587999998,34.180977287200001
2,-119.128370907000004,34.181899310600002
2,-119.149636448999999,34.142089931299999
2,-119.249894382999997,34.228836994300003
2,-119.066066840999994,34.201957473000000
2,-119.148738206999994,34.141596741500003
2,-119.057785285999998,34.201990086599999
2,-119.250701837999998,34.229818942800001
2,-119.243575186000001,34.225737618099998
2,-119.159624022000003,34.128200588399999
2,-119.147883004999997,34.141170759100000
2,-119.065659027999999,34.204829226800001
2,-119.091726757000004,34.255399134699999
2,-119.091508520000005,34.255058452400000
2,-119.087535744999997,34.254006434200001
2,-119.152969872000000,34.188445032300002
2,-119.151820275000006,34.188212110499997
2,-119.153265820000001,34.183596559500003
2,-119.087978570999994,34.254157554599999
2,-119.079126676000001,34.174570433100001
2,-119.247927087999997,34.229677512099997
2,-119.046860375999998,34.199753445900001
2,-119.082668549000005,34.150291251200002
2,-119.152205883999997,34.185518039800002
2,-119.129366501000007,34.180835464700003
2,-119.149934689999995,34.142504345900001
2,-119.066252027999994,34.202981326900002
2,-119.089296579999996,34.254725352400001
2,-119.092087573000001,34.253374931000003
2,-119.151392285000000,34.141839092600001
2,-119.085863850999999,34.149073843200000
2,-119.151842619000007,34.141342807299999
2,-119.046564845999995,34.200503541000003
2,-119.065972654999996,34.204158912899999
2,-119.092911079000004,34.256041256800003
2,-119.158208228000007,34.130372809699999
2,-119.047521203000002,34.199247039299998
2,-119.156092829000002,34.134336406800003
2,-119.129031879999999,34.174742058600003
2,-119.047993640000001,34.206996746400002
2,-119.150279763000000,34.141672331300001
2,-119.092387099000007,34.253578490700001
2,-119.159722606000003,34.128716679900002
2,-119.152156356999996,34.187104606799998
2,-119.046389735000005,34.200277924300003
2,-119.084997297000001,34.150127704200003
2,-119.085552758000006,34.151257094700000
2,-119.085648718000002,34.260909582300002
2,-119.092172366000000,34.255980587700002
2,-119.155851580999993,34.133771734299998
2,-119.151096214000006,34.142036221799998
2,-119.156506313999998,34.133770516299997
2,-119.156186833000007,34.133619142900002
2,-119.152374895999998,34.185293022899998
2,-119.084800853000004,34.150834429000000
2,-119.249555264999998,34.229203102000000
2,-119.241829465999999,34.225090314299997
2,-119.087665376000004,34.256138626800002
2,-119.243362333999997,34.224986010999999
2,-119.091090898999994,34.256968665000002
2,-119.093214970000005,34.258033584499998
2,-119.158005657999993,34.130795584500000
2,-119.088334085000000,34.258046253300002
2,-119.058675145999999,34.202204294500000
2,-119.091237699999994,34.255659907499997
2,-119.087814635000001,34.255810975400003
2,-119.155414796000002,34.134613427100000
2,-119.152271974000001,34.184919984099999
2,-119.085278786000003,34.149228143800002
2,-119.083037372999996,34.150862997099999
2,-119.158204002999994,34.128898340699998
2,-119.091622973000000,34.254311488500001
2,-119.089926109999993,34.255088237000002
2,-119.150726507000002,34.142371053300003
2,-119.059693319000004,34.202594689900003
2,-119.152444020999994,34.186373667500000
2,-119.155523352000003,34.135263033500003
2,-119.080361487999994,34.173170899200002
2,-119.089009748999999,34.256882605599998
2,-119.089629982000005,34.255222324000002
2,-119.088941876999996,34.257181204100000
2,-119.084172983000002,34.150366831600003
2,-119.090209615999996,34.257234942600000
2,-119.093346681000000,34.253253739100003
2,-119.089624439000005,34.256127530699999
2,-119.154755210999994,34.134899551799997
2,-119.082481518999998,34.150963642999997
2,-119.084323287999993,34.148820096599998
2,-119.086236556000003,34.149210153900000
2,-119.087576674000005,34.253262925100003
2,-119.089186151000007,34.253297351900002
2,-119.159431271000003,34.129694945399997
2,-119.069132734999997,34.283737788899998
2,-119.244848840000003,34.225702176299997
2,-119.090307422999999,34.254971504300002
2,-119.093246300000004,34.253596531800000
2,-119.155040407000001,34.133650373800002
2,-119.064621978999995,34.203089468100004
2,-119.150339571999993,34.141194316799996
2,-119.088663706000006,34.258102093100000
2,-119.090581045999997,34.256891308500002
2,-119.085484261000005,34.258990567700003
2,-119.091964895000004,34.254122224400000
2,-119.132296279000002,34.180839806800002
2,-119.246677007000002,34.229413582399999
2,-119.088294654999999,34.254991659900000
2,-119.084897574999999,34.151417293300000
2,-119.154488993000001,34.133831447100000
2,-119.079191721000001,34.173905293399997
2,-119.243171669000006,34.225738010400001
2,-119.065174455999994,34.204857220299999
2,-119.091500538999995,34.256310063800001
2,-119.080694070999996,34.175251495700003
2,-119.148776095000002,34.142485836799999
2,-119.065733503999994,34.202501206999997
2,-119.129929153999996,34.181224668200002
2,-119.147638989000001,34.142337230800003
2,-119.153364465999999,34.187609026300002
2,-119.045383978000004,34.200516377699998
2,-119.092345183999996,34.254775842000001
2,-119.087478868999995,34.257200293700002
2,-119.156260513999996,34.135608170700003
2,-119.131273054999994,34.174369304199999
2,-119.155191458999994,34.135078677300001
2,-119.152306017000001,34.142449151000001
2,-119.046507762999994,34.199236732300001
2,-119.247612024999995,34.229782710899997
2,-119.088796536000004,34.255322805799999
2,-119.152055454000006,34.141160327700000
2,-119.240892942000002,34.225110857300002
2,-119.088082469000000,34.256014131400001
2,-119.128495853999993,34.180777791799997
2,-119.248396114000002,34.229811206000001
2,-119.152067474999996,34.142144356899998
2,-119.090489270999996,34.255354945999997
2,-119.079010424000003,34.173699798700000
2,-119.155216769000006,34.135358283499997
2,-119.148821165000001,34.142841677500002
2,-119.129847828999999,34.174130201799997
2,-119.152537527000007,34.184584464300002
2,-119.148117045999996,34.141812209500003
2,-119.084791048000000,34.259674186900000
2,-119.084552005999996,34.151155128699997
2,-119.091181258000006,34.255937806500000
2,-119.082421753000006,34.151554187800002
2,-119.060178123000000,34.201861951600002
2,-119.082344571999997,34.149209278100003
2,-119.083454356999994,34.149183259300003
2,-119.087947749999998,34.257372626900001
2,-119.147854031999998,34.141730666199997
2,-119.065023457999999,34.203878070400002
2,-119.068939943000004,34.283269946399997
2,-119.090817794000003,34.254798940000001
2,-119.092075695999995,34.255385895200000
2,-119.087869777999998,34.258163170099998
2,-119.087514096000007,34.257927559999999
2,-119.092797348999994,34.255726367800001
2,-119.090371758000003,34.256323438000003
2,-119.087313094999999,34.257619574700001
2,-119.152785101000006,34.186041551400002
2,-119.158312679000005,34.131244189599997
2,-119.047105717999997,34.200417894200001
2,-119.087843587999998,34.256490317299999
2,-119.242389639999999,34.225823885200001
2,-119.129833884999996,34.181559822200001
2,-119.148495757000006,34.141092865600001
2,-119.082672849000005,34.149979455900002
2,-119.089535654000002,34.253513854099999
2,-119.065786088999999,34.201873750799997
2,-119.065267450999997,34.204287491099997
2,-119.085343512999998,34.260325878400003
2,-119.243941530000001,34.225726465000001
2,-119.093201558999993,34.254231813499999
2,-119.130989803000006,34.173971397000003
2,-119.046675934000007,34.206668329300001
2,-119.079542325999995,34.174296680799998
2,-119.080127337999997,34.175090625899998
2,-119.151678868000005,34.141830770100000
2,-119.128183164000006,34.181317199500000
2,-119.249645990000005,34.229811378299999
2,-119.057734467000003,34.202396383900002
2,-119.087757780999993,34.256854222900003
2,-119.127675690999993,34.181725632099997
2,-119.130957350000003,34.174930855100001
2,-119.083720146999994,34.148770013099998
2,-119.083216000999997,34.151383224200003
2,-119.084528306999999,34.259994671699999
2,-119.085219367999997,34.259330663699998
2,-119.091209868999997,34.256468445899998
2,-119.086189078999993,34.149499816000002
2,-119.091246968999997,34.253783448400000
2,-119.065563366999996,34.203377397200001
2,-119.241365231000003,34.225758832399997
2,-119.068840214000005,34.284117921700002
2,-119.248803445999997,34.228829093599998
2,-119.147393586999996,34.142634291100002
2,-119.069889054000001,34.283929728799997
2,-119.159435574000000,34.130244208599997
2,-119.151967947000003,34.141718303399998
2,-119.092740586000005,34.254345014300000
2,-119.091588877999996,34.253409844399997
2,-119.158777434000001,34.131179593500001
2,-119.093178862000002,34.254737898700000
2,-119.090620013000006,34.257546803200000
2,-119.249849053000005,34.229502227899999
2,-119.082987551000002,34.150229697100002
2,-119.086055259999995,34.150884740400002
2,-119.046651613999998,34.207495741400002
2,-119.091992059999995,34.257960741200002
2,-119.090951501999996,34.257837595700003
2,-119.129506608000000,34.181421619200002
2,-119.092199217000001,34.257155356799998
2,-119.090042582999999,34.257630350500001
2,-119.132848222000007,34.181603350000003
2,-119.249918886000003,34.229209472599997
2,-119.132989238999997,34.181110337699998
2,-119.084159802000002,34.151656090499998
2,-119.132064337000003,34.181506185000003
2,-119.069146399000005,34.282980588299999
2,-119.092660018999993,34.256459351099998
2,-119.084672233999996,34.151605224900003
2,-119.045912782000002,34.199582037600003
2,-119.130998227999996,34.181435631500001
2,-119.153256589999998,34.186817963000003
2,-119.088315283000000,34.256288847199997
2,-119.065764168000001,34.204516504200001
2,-119.046652980999994,34.207078699599997
2,-119.091609841999997,34.257192826900003
2,-119.089013711999996,34.253832593799999
2,-119.127914742000002,34.181413905699998
2,-119.131037100000000,34.174587217999999
2,-119.131886847000004,34.174760643100001
2,-119.058716394000001,34.202797256099998
2,-119.091295606000003,34.258088770699999
2,-119.130166496000001,34.174194023100000
2,-119.092587523999995,34.253889365500001
2,-119.089710929000006,34.258018925599998
2,-119.065255781999994,34.203288824700003
2,-119.083526246000005,34.150308086599999
2,-119.047607440999997,34.207461167799998
2,-119.091451776000000,34.256737407899998
2,-119.160121708000005,34.131303849699997
2,-119.154869512000005,34.133344595799997
2,-119.084188019999999,34.259158461900000
2,-119.152397936000000,34.183974251499997
2,-119.064264252000001,34.203972067899997
2,-119.155521075999999,34.133401839400001
2,-119.149655291000002,34.141789358300002
2,-119.087771094000004,34.255221374599998
2,-119.153204325999994,34.186262039600003
2,-119.069187060999994,34.284002258999998
2,-119.147687167000001,34.142016419599997
2,-119.046004006999993,34.200040275699997
2,-119.247086961999997,34.229835006700000
2,-119.129967706000002,34.180754090500002
2,-119.078830857000000,34.174786776399998
2,-119.158671526000006,34.130016032900002
2,-119.247179895000002,34.229373862899998
2,-119.247975288999996,34.228883068999998
2,-119.090696964000003,34.256560508699998
2,-119.083584204000005,34.151646309500002
2,-119.066124055000003,34.203861188200001
2,-119.058525110999994,34.275098321999998
2,-119.069507876000003,34.282834703299997
2,-119.152361228999993,34.187761527299998
2,-119.084751517000001,34.149677495699997
2,-119.131617356000007,34.174590774000002
2,-119.151791377999999,34.186284868300000
2,-119.160095962000000,34.131006482300002
2,-119.088964679000000,34.256253714899998
2,-119.132247675000002,34.173893557900001
2,-119.089105724999996,34.254993683700000
2,-119.066279812999994,34.204377317700001
2,-119.058946258000006,34.276075821100001
2,-119.089261168999997,34.256010630900001
2,-119.248315774000005,34.229307898599998
2,-119.045668630999998,34.200330943300003
2,-119.078730304999993,34.173974701399999
2,-119.066021180000007,34.202803220800000
2,-119.089951642000003,34.253673969300003
2,-119.089642303999995,34.255720658000001
2,-119.152393185999998,34.186927908100003
2,-119.091868644000002,34.256364236400003
2,-119.158389761999999,34.129307321299997
2,-119.088975911000006,34.257472196999998
2,-119.152828502000006,34.185370922300002
2,-119.066360165000006,34.201865633399997
2,-119.069884951999995,34.282938535900001
2,-119.156554966000002,34.135057987499998
2,-119.159919239999994,34.129624128400003
2,-119.131531288999994,34.174909417800002
2,-119.085574055999999,34.260540052300001
2,-119.159064039000000,34.128821105199997
2,-119.092651415000006,34.254766896400000
2,-119.079899056000002,34.174914245399997
2,-119.083599894000002,34.151326605500003
2,-119.091436923000003,34.254657567899997
2,-119.240999398000000,34.225754218100001
2,-119.159231899999995,34.129454807000002
2,-119.244753004000003,34.225041608600002
2,-119.084211995000004,34.260512964999997
2,-119.064593729999999,34.204778137799998
2,-119.151193527999993,34.141638071199999
2,-119.155233199999998,34.133890726099999
2,-119.131768815000001,34.173915437399998
2,-119.084774921000005,34.150454850999999
2,-119.046948030999999,34.207076424000000
2,-119.128824452999993,34.181971353500003
2,-119.147902919000003,34.142649151500002
2,-119.085601230999998,34.150570892700003
2,-119.148828727999998,34.141039235400001
2,-119.132367830999996,34.182090337900000
2,-119.065005064000005,34.201685476700000
2,-119.157974416000002,34.129345132399997
2,-119.091264559999999,34.255350299500002
2,-119.153455390000005,34.184249023100001
2,-119.047093352999994,34.206833148400001
2,-119.064600597999998,34.201955245000001
2,-119.149309649000003,34.142819156900003
2,-119.089605430000006,34.257218770800002
2,-119.090506692999995,34.254760683000001
2,-119.158775965999993,34.129070685700000
2,-119.129138440999995,34.174216019299998
2,-119.150460280000004,34.142817697900000
2,-119.151130796000004,34.141086983199997
2,-119.079513939999998,34.173180423700003
2,-119.160109427999998,34.130549541000001
2,-119.241797098000006,34.225696878900003
2,-119.151745685999998,34.187535706699997
2,-119.160383502000002,34.130070432600000
2,-119.090478903999994,34.255800881900001
2,-119.157047227000007,34.134340364300002
2,-119.090150191000006,34.255248730399998
2,-119.088187790999996,34.257770058100000
2,-119.065695223999995,34.203662455400000
2,-119.088691358000005,34.254494220600002
2,-119.066149921999994,34.201617107600001
2,-119.132747930999997,34.174803109099997
2,-119.149135561999998,34.141239214000002
2,-119.088726983000001,34.256805495800002
2,-119.153477512999999,34.184669123100001
2,-119.084893206000004,34.259983951000002
2,-119.064117948000003,34.204831591700000
2,-119.090417720000005,34.254332649900000
2,-119.242261049000007,34.225500753699997
2,-119.087626873999994,34.254882896399998
2,-119.089436483000000,34.254441373799999
2,-119.060114498999994,34.202169807899999
2,-119.247341574999993,34.229610152799999
2,-119.130377902000006,34.181000576499997
2,-119.078427966999996,34.174618038699997
2,-119.058983959000003,34.202273015899998
2,-119.091658885000001,34.253909532400002
2,-119.090089202000001,34.253269260300002
2,-119.147650979999995,34.141511504299999
2,-119.087341675999994,34.254834754199997
2,-119.089391773000003,34.256516528900001
2,-119.129114727000001,34.173938179899999
2,-119.152232511999998,34.183568623200003
2,-119.147499046999997,34.140920419399997
2,-119.132061238000006,34.182024758300003
2,-119.092456811999995,34.257865693100001
2,-119.160262259000007,34.129097030300002
2,-119.131128864999994,34.180740938000000
2,-119.128428713999995,34.181509591100003
2,-119.152014627000000,34.187663833000002
2,-119.153461350000001,34.187878419000000
2,-119.088227770000003,34.253934699900000
2,-119.130333989999997,34.182098379599999
2,-119.082706664000000,34.149285245500003
2,-119.079825275000005,34.174034366000001
2,-119.152998437999997,34.183687422399998
2,-119.151913868999998,34.184217965899997
2,-119.059238002000001,34.202379196800003
2,-119.064524941000002,34.205127111400003
2,-119.153350669000005,34.186563617799997
2,-119.150608797000004,34.141419637900000
2,-119.151980015999996,34.187377000600002
2,-119.129480482999995,34.174882226599998
2,-119.064494777999997,34.204172918799998
2,-119.092813767999999,34.257227929899997
2,-119.060684817999999,34.201946960699999
2,-119.158280314999999,34.130872977999999
2,-119.152678494000000,34.187993740099998
2,-119.155590869999997,34.135665742000000
2,-119.079873660999993,34.174311158599998
2,-119.152103608999994,34.185213503999996
2,-119.088398999999995,34.256769202800001
2,-119.090934752999999,34.255505886300000
2,-119.155428111999996,34.134221746800002
2,-119.155462096999997,34.134922226400001
2,-119.089939720999993,34.254442953800002
2,-119.064771996999994,34.204210672599999
2,-119.088942368000005,34.254106119900001
2,-119.131449630999995,34.180818939600002
2,-119.046297410999998,34.199873717599999
2,-119.091996210999994,34.253651591900002
2,-119.089385565000001,34.256964536900000
2,-119.159653902000002,34.131070839800003
2,-119.244339068000002,34.225210073100001
2,-119.087392281999996,34.255868903900001
2,-119.250273796000002,34.229132128400003
2,-119.088473828000005,34.255470428400002
2,-119.089496784999994,34.257517346400000
2,-119.058149033000007,34.276232514699998
2,-119.149278523000007,34.142465211500003
2,-119.157716796000003,34.130054208300002
2,-119.093079786999994,34.257160811399999
2,-119.152093820999994,34.184485758100003
2,-119.153277133000003,34.187167238100002
2,-119.089521284000000,34.254969672500003
2,-119.087975145000001,34.255424027899998
2,-119.091149191000000,34.254801209800000
2,-119.152272608999994,34.142757451900003
2,-119.155149460999993,34.133321771799999
2,-119.092835570999995,34.256736735499999
2,-119.157775090000001,34.128734077399997
2,-119.065192503000006,34.202459851900002
2,-119.132789740999996,34.181329218599998
2,-119.152167442000007,34.183102382500003
2,-119.089177425000003,34.253570074999999
2,-119.085254398000004,34.150380245800001
2,-119.159518992000002,34.129414289499998
2,-119.064205279000006,34.201812154499997
2,-119.083306340999997,34.148808338999999
2,-119.079257274000000,34.174309160599996
2,-119.090155307000003,34.256904300800002
2,-119.078800151999999,34.172640259900000
2,-119.249226085000004,34.229094652800001
2,-119.148737135000005,34.141967579199999
2,-119.092632639000001,34.253234411100003
2,-119.080458704999998,34.172588864600002
2,-119.078786923999999,34.173139764699997
2,-119.130522642000003,34.173990064100003
2,-119.133126871000002,34.180875814600000
2,-119.087387472000003,34.255175270400002
2,-119.064915443999993,34.202295057199997
2,-119.092571364999998,34.255964292000002
2,-119.158689577000004,34.130609229199997
2,-119.059527888999995,34.202816022599997
2,-119.152435061000006,34.188223309300000
2,-119.244865969000003,34.225375142399997
2,-119.057955620000001,34.202210704400002
2,-119.046020428000006,34.200519478700002
2,-119.128921556999998,34.181691078100002
2,-119.131990255999995,34.180765084299999
2,-119.154529586999999,34.135668462100000
2,-119.133142135000000,34.181723862299997
2,-119.079503905999999,34.175217236700000
2,-119.084257702000002,34.259783770100000
2,-119.058601216000000,34.201553679900002
2,-119.066304860000002,34.204813546600001
2,-119.093329519999998,34.257302474100001
2,-119.250577475000000,34.229466280300002
2,-119.148510760999997,34.142970173800002
2,-119.156896611999997,34.135192133099999
2,-119.065736526999999,34.203093338700000
2,-119.151440894999993,34.142458799300002
2,-119.158568861000006,34.129637492199997
2,-119.090998906999999,34.253358090900001
2,-119.065161395000004,34.204573663399998
2,-119.045308285999994,34.199935413600002
2,-119.132251746999998,34.181766143600001
2,-119.064110835999998,34.204210705100003
2,-119.159685060000001,34.129813106400000
2,-119.092508374000005,34.254494120200000
2,-119.047820302000005,34.207240280000001
2,-119.066261956000005,34.203330954800002
2,-119.132442260000005,34.181483320700004
2,-119.092737368000002,34.255228243799998
2,-119.046561883999999,34.199955333799998
2,-119.090677346999996,34.253225319499997
2,-119.157422441999998,34.135029308599997
2,-119.148533354999998,34.142339303100002
2,-119.090099975000001,34.253958140199998
2,-119.159437409999995,34.127817657900003
2,-119.057948277999998,34.202646635500003
2,-119.092918190999995,34.254907537100003
2,-119.131336895000004,34.181296430800003
2,-119.156204273000000,34.133291456400002
2,-119.083035396000000,34.149365265800000
2,-119.064084061000003,34.205112406500000
2,-119.090107211000003,34.254728268800001
2,-119.047458613000003,34.206300458199998
2,-119.089428880000000,34.258166852199999
2,-119.155851163999998,34.135235010499997
2,-119.079464552999994,34.174660405499999
2,-119.149012376000002,34.141813856200002
2,-119.084918215000002,34.148964844299996
2,-119.079187157000007,34.172593594200002
2,-119.069532225000003,34.283503963299999
2,-119.080013644999994,34.172777763799999
2,-119.131213199000001,34.181666396700003
2,-119.157107135999993,34.134631694299998
2,-119.129698723999994,34.181068129499998
2,-119.092211015000004,34.253852179900001
2,-119.243811120000004,34.225063723700003
2,-119.091760945000004,34.256714101199996
2,-119.129679654000000,34.182053270399997
2,-119.057395833000001,34.202371894000002
2,-119.159846994999995,34.127889524700002
2,-119.058703547999997,34.275409623400002
2,-119.083233061000001,34.149576905499998
2,-119.155993362999993,34.134637754000003
2,-119.132692808000002,34.180956948300000
2,-119.150051636000001,34.141376089300003
2,-119.160382279999993,34.130369340900003
2,-119.069877473000005,34.283318705100001
2,-119.059560645999994,34.202341387399997
2,-119.064460112000006,34.202383449400003
2,-119.247851019999999,34.229358438600002
2,-119.157711900999999,34.130470636900000
2,-119.156717033999996,34.133579413600003
2,-119.058292468000005,34.274953881300000
2,-119.127865661000001,34.181056227799999
2,-119.089575973999999,34.253242619399998
2,-119.091953759000006,34.257272025799999
2,-119.047605656000002,34.200166550100001
2,-119.129062355000002,34.181425081599997
2,-119.045895487999999,34.199120094400001
2,-119.149191660000000,34.141522262199999
2,-119.080388572999993,34.174802475299998
2,-119.150859468999997,34.141625130100003
2,-119.159071386999997,34.127865240500000
2,-119.148014623999998,34.141436351300001
2,-119.058861170000000,34.275101030099997
2,-119.080420919000005,34.175323096500001
2,-119.065224332000000,34.205123117399999
2,-119.158521577000002,34.130367774200003
2,-119.082356507000000,34.150200599300000
2,-119.147499150000002,34.141768459900000
2,-119.250080005000001,34.229855752500001
2,-119.047318707000002,34.207317553199999
2,-119.084404554000002,34.260313742199997
2,-119.248093716000000,34.229144202400001
2,-119.130818719000004,34.174262953899998
2,-119.152296327000002,34.187399824899998
2,-119.088241292999996,34.257336724900000
2,-119.057434295999997,34.202020912300000
2,-119.091491755999996,34.257858142700002
2,-119.149576745000005,34.142387084699998
2,-119.084857670000005,34.259157678299999
2,-119.151704499000004,34.184977572800001
2,-119.091585691000006,34.255702809399999
2,-119.080050028000002,34.173260430600003
2,-119.159777164999994,34.128428528800001
2,-119.085144860000000,34.151271806399997
2,-119.155957247000003,34.135503353700003
2,-119.152496338000006,34.188630514600000
2,-119.147611869000002,34.141189082099999
2,-119.046878520999996,34.200024208800002
2,-119.084280789000005,34.149824007500001
2,-119.088688656000002,34.257360167300000
2,-119.082987563000003,34.148771936000003
2,-119.158539821000005,34.131032282900001
2,-119.090432430000007,34.258078044299999
2,-119.250451569000006,34.228828639400000
2,-119.078627264000005,34.175332494400003
2,-119.083521989999994,34.150644141900003
2,-119.242548458000002,34.225323032399999
2,-119.152464834000000,34.183251104699998
2,-119.152297265000001,34.141714152699997
2,-119.088115310999996,34.256786376699999
2,-119.149076848000007,34.142992410300003
2,-119.079776629999998,34.174658106999999
2,-119.064927347999998,34.202575687800000
2,-119.149880839999994,34.142836850700000
2,-119.130653140999996,34.181141848300001
2,-119.047387344000001,34.206672029700002
2,-119.149401875999999,34.140967776300002
2,-119.092082837999996,34.255688285600002
2,-119.085021835000006,34.150571264500002
2,-119.058362079000005,34.275361051899999
2,-119.133103758000004,34.182080801600002
2,-119.154755015999996,34.133992828300002
2,-119.150354977000006,34.142542631100000
2,-119.159097919999994,34.129892957700001
2,-119.128059949999994,34.181876125099997
2,-119.087341628000004,34.256883110600000
2,-119.159055519999995,34.128265727600002
2,-119.090864417999995,34.255219572700000
2,-119.047251953000000,34.199098742799997
2,-119.046238747000004,34.199593280800002
2,-119.064188079999994,34.203628860199998
2,-119.058418266000004,34.202791199200000
2,-119.084370586999995,34.261066329499997
2,-119.058268912000003,34.275725142600002
2,-119.092354772999997,34.258122616999998
2,-119.057380846000001,34.202658467500001
2,-119.086099094999994,34.151310043000002
2,-119.093261386999998,34.256087573400002
2,-119.078543378999996,34.172824499199997
2,-119.160214433999997,34.127801149600003
2,-119.151684893999999,34.182848255700002
2,-119.065066810999994,34.202837877800000
2,-119.158785914999996,34.128276943400003
2,-119.128117309999993,34.181601925400003
2,-119.090239783000001,34.253616232399999
2,-119.157131888999999,34.133347118600000
2,-119.148397188999994,34.141661309200003
2,-119.154459764999999,34.135403663300004
2,-119.242162499000003,34.225143277800001
2,-119.087372426000002,34.256217516100001
2,-119.058613944000001,34.202514744600002
2,-119.129573852999997,34.174307587300000
2,-119.086207760999997,34.151610942300003
2,-119.151997234999996,34.188640003600000
2,-119.155694741999994,34.134657145600002
2,-119.154976810999997,34.135619072700003
2,-119.045664021999997,34.199772575600001
2,-119.150545163999993,34.141009479099999
2,-119.241670510000006,34.225420449700003
2,-119.157321082999999,34.134446905799997
2,-119.065661332000005,34.204113470800003
2,-119.066017393999999,34.204925373000002
2,-119.085598860000005,34.259267399400002
2,-119.090568688999994,34.255079723900003
2,-119.068895088000005,34.282877941599999
2,-119.244185754000000,34.225565783000000
2,-119.133040309999998,34.174961507200003
2,-119.156481233999997,34.133363433699998
2,-119.065778831000003,34.201536961099997
2,-119.047754928000003,34.206283557699997
2,-119.085890086999996,34.260148674900002
2,-119.130378000999997,34.181299795699999
2,-119.090661248999993,34.257249316600003
2,-119.089954581000001,34.257366923500001
2,-119.091486373999999,34.257451258200000
2,-119.132930560999995,34.174272188400003
2,-119.132140260000000,34.174863298600002
2,-119.152461681999995,34.184272774000000
2,-119.153478845999999,34.185368205300001
2,-119.240863883000003,34.225466539800003
2,-119.130594195000000,34.181979410499999
2,-119.085582861999995,34.149036747099998
2,-119.065150830999997,34.203573991600003
2,-119.093105686000001,34.257636793899998
2,-119.092591636999998,34.255527036300002
2,-119.093245512999999,34.255135520000003
2,-119.086207321000003,34.149896715600001
2,-119.159501622999997,34.128466645000003
2,-119.152195477000006,34.187999089300000
2,-119.093269997999997,34.253873444600003
2,-119.130583350999999,34.174746014400000
2,-119.065448699000001,34.204497349100002
2,-119.085902497999996,34.258942388500003
2,-119.060491823999996,34.201573646299998
2,-119.248854562000005,34.229872173799997
2,-119.078480240000005,34.173156305900001
2,-119.151821644999998,34.187070068399997
2,-119.060660596999995,34.202449499200000
2,-119.091732895000007,34.254904167299998
2,-119.157723687000001,34.130795766600002
2,-119.242675530000000,34.225812838600000
2,-119.150706416999995,34.143004255100003
2,-119.085840532000006,34.151130926599997
2,-119.058618030999995,34.276255977100000
2,-119.085320283000001,34.151610987100000
